호스트_id,숙소_url,etc
170702,https://www.airbnb.com/rooms/170702,침대 1개 · 공용 욕실
314985,https://www.airbnb.com/rooms/314985,침대 1개 · 욕실 없음
315658,https://www.airbnb.com/rooms/315658,더블 침대 1개 · 공용 욕실
39387,https://www.airbnb.com/rooms/39387,소파 베드 1개 · 공용 욕실
41509,https://www.airbnb.com/rooms/41509,침대 3개 · 공용 욕실
46992,https://www.airbnb.com/rooms/46992,퀸사이즈 침대 1개 · 침실에 딸린 전용 욕실
330044,https://www.airbnb.com/rooms/330044,퀸사이즈 침대 1개 · 전용 욕실
229684,https://www.airbnb.com/rooms/229684,침대 1개 · 공용 욕실
72913,https://www.airbnb.com/rooms/72913,더블 침대 1개 · 침실에 딸린 전용 욕실
341143,https://www.airbnb.com/rooms/341143,침대 1개 · 공용 욕실
239697,https://www.airbnb.com/rooms/239697,싱글 침대 1개 · 전용 욕실
271122,https://www.airbnb.com/rooms/271122,더블 침대 1개 · 공용 욕실
350588,https://www.airbnb.com/rooms/350588,킹사이즈 침대 1개 · 침실에 딸린 전용 욕실
100479,https://www.airbnb.com/rooms/100479,최대 인원 2명 · 침실 1개 · 침대 1개 · 욕실 1개
276082,https://www.airbnb.com/rooms/276082,침대 1개 · 공용 욕실
356978,https://www.airbnb.com/rooms/356978,침대 1개 · 공용 욕실
361944,https://www.airbnb.com/rooms/361944,N/A
289802,https://www.airbnb.com/rooms/289802,싱글 침대 1개 · 공용 욕실
389570,https://www.airbnb.com/rooms/389570,침대 1개 · 공용 욕실
389862,https://www.airbnb.com/rooms/389862,침실 1개 · 공용 욕실
390876,https://www.airbnb.com/rooms/390876,싱글 침대 1개 · 공용 욕실
450631,https://www.airbnb.com/rooms/450631,더블 침대 1개 · 공용 욕실
401177,https://www.airbnb.com/rooms/401177,더블 침대 1개 · 공용 욕실
387939,https://www.airbnb.com/rooms/387939,더블 침대 1개 · 공용 욕실
401330,https://www.airbnb.com/rooms/401330,소파 베드 1개 · 공용 욕실
388700,https://www.airbnb.com/rooms/388700,침대 1개 · 공용 욕실
389079,https://www.airbnb.com/rooms/389079,킹사이즈 침대 1개 · 침실에 딸린 전용 욕실
409043,https://www.airbnb.com/rooms/409043,더블 침대 1개 · 공용 욕실
459877,https://www.airbnb.com/rooms/459877,더블 침대 1개 · 공용 욕실
465781,https://www.airbnb.com/rooms/465781,침대 1개 · 공용 욕실
466017,https://www.airbnb.com/rooms/466017,침대 2개 · 공용 욕실
468283,https://www.airbnb.com/rooms/468283,더블 침대 1개 · 공용 욕실
468438,https://www.airbnb.com/rooms/468438,침실 1개 · 공용 욕실
420699,https://www.airbnb.com/rooms/420699,더블 침대 1개 · 공용 욕실
421760,https://www.airbnb.com/rooms/421760,침대 1개 · 공용 욕실
512992,https://www.airbnb.com/rooms/512992,더블 침대 1개 · 공용 욕실
472203,https://www.airbnb.com/rooms/472203,침대 1개 · 공용 욕실
473073,https://www.airbnb.com/rooms/473073,침대 2개 · 공용 욕실
519190,https://www.airbnb.com/rooms/519190,더블 침대 1개 · 전용 욕실
433867,https://www.airbnb.com/rooms/433867,침실 1개 · 공용 욕실
437722,https://www.airbnb.com/rooms/437722,침대 3개 · 공용 욕실
497196,https://www.airbnb.com/rooms/497196,퀸사이즈 침대 1개 · 공용 욕실
502190,https://www.airbnb.com/rooms/502190,퀸사이즈 침대 1개 · 침실에 딸린 전용 욕실
530274,https://www.airbnb.com/rooms/530274,침대 1개 · 전용 욕실
572046,https://www.airbnb.com/rooms/572046,침실 1개 · 공용 욕실
532358,https://www.airbnb.com/rooms/532358,킹사이즈 침대 1개 · 공용 욕실
611518,https://www.airbnb.com/rooms/611518,더블 침대 1개 · 공용 욕실
618082,https://www.airbnb.com/rooms/618082,침대 3개 · 공용 욕실
583840,https://www.airbnb.com/rooms/583840,침대 1개 · 공용 욕실
587369,https://www.airbnb.com/rooms/587369,더블 침대 1개 · 공용 욕실
542797,https://www.airbnb.com/rooms/542797,더블 침대 1개 · 공용 욕실
590836,https://www.airbnb.com/rooms/590836,침실 0개 · 공용 욕실
626866,https://www.airbnb.com/rooms/626866,이층 침대 1개 · 공용 욕실
590958,https://www.airbnb.com/rooms/590958,N/A
635138,https://www.airbnb.com/rooms/635138,N/A
553543,https://www.airbnb.com/rooms/553543,침대 1개 · 공용 욕실
637414,https://www.airbnb.com/rooms/637414,침대 1개 · 공용 욕실
705210,https://www.airbnb.com/rooms/705210,최대 인원 4명 · 침실 1개 · 침대 2개 · 공동 사용 욕실 1.5개
672927,https://www.airbnb.com/rooms/672927,N/A
710203,https://www.airbnb.com/rooms/710203,최대 인원 2명 · 침실 1개 · 침대 1개 · 욕실 1개
674495,https://www.airbnb.com/rooms/674495,침대 1개 · 공용 욕실
675591,https://www.airbnb.com/rooms/675591,더블 침대 1개 · 공용 욕실
713741,https://www.airbnb.com/rooms/713741,싱글 침대 1개 · 공용 욕실
713758,https://www.airbnb.com/rooms/713758,더블 침대 1개 · 공용 욕실
819747,https://www.airbnb.com/rooms/819747,더블 침대 1개 · 공용 욕실
821334,https://www.airbnb.com/rooms/821334,침대 1개 · 공용 욕실
717171,https://www.airbnb.com/rooms/717171,싱글 침대 1개 · 공용 욕실
681613,https://www.airbnb.com/rooms/681613,최대 인원 1명 · 원룸 · 침대 1개 · 욕실 1개
830041,https://www.airbnb.com/rooms/830041,N/A
833286,https://www.airbnb.com/rooms/833286,침대 1개 · 공용 욕실
686205,https://www.airbnb.com/rooms/686205,더블 침대 1개 · 공용 욕실
687925,https://www.airbnb.com/rooms/687925,퀸사이즈 침대 1개 · 전용 욕실
721759,https://www.airbnb.com/rooms/721759,N/A
840130,https://www.airbnb.com/rooms/840130,침대 1개 · 공용 욕실
691516,https://www.airbnb.com/rooms/691516,더블 침대 1개 · 전용 욕실
845167,https://www.airbnb.com/rooms/845167,더블 침대 1개 · 공용 욕실
852297,https://www.airbnb.com/rooms/852297,최대 인원 3명 · 침실 1개 · 침대 1개 · 공동 사용 욕실 1.5개
692371,https://www.airbnb.com/rooms/692371,침대 2개 · 공용 욕실
737083,https://www.airbnb.com/rooms/737083,퀸사이즈 침대 1개 · 침실에 딸린 전용 욕실
868704,https://www.airbnb.com/rooms/868704,침실 1개 · 공용 욕실
739774,https://www.airbnb.com/rooms/739774,최대 인원 2명 · 원룸 · 침대 1개 · 욕실 1개
739825,https://www.airbnb.com/rooms/739825,N/A
743739,https://www.airbnb.com/rooms/743739,퀸사이즈 침대 1개 · 공용 욕실
877995,https://www.airbnb.com/rooms/877995,N/A
881381,https://www.airbnb.com/rooms/881381,침대 1개 · 공용 욕실
884849,https://www.airbnb.com/rooms/884849,더블 침대 1개 · 공용 욕실
899636,https://www.airbnb.com/rooms/899636,N/A
910648,https://www.airbnb.com/rooms/910648,이층 침대 1개 · 공용 욕실
1016793,https://www.airbnb.com/rooms/1016793,침대 1개 · 공용 화장실
919702,https://www.airbnb.com/rooms/919702,침실 1개 · 공용 욕실
756481,https://www.airbnb.com/rooms/756481,최대 인원 2명 · 원룸 · 침대 1개 · 공동 사용 욕실 1.5개
1043759,https://www.airbnb.com/rooms/1043759,더블 침대 1개 · 공용 욕실
760374,https://www.airbnb.com/rooms/760374,침대 1개 · 공용 욕실
763638,https://www.airbnb.com/rooms/763638,더블 침대 1개 · 공용 욕실
960280,https://www.airbnb.com/rooms/960280,침대 1개 · 공용 욕실
771277,https://www.airbnb.com/rooms/771277,침대 1개 · 공용 욕실
1146154,https://www.airbnb.com/rooms/1146154,더블 침대 1개 · 전용 욕실
1147242,https://www.airbnb.com/rooms/1147242,더블 침대 1개 · 공용 욕실
1106561,https://www.airbnb.com/rooms/1106561,침대 1개 · 공용 욕실
1177555,https://www.airbnb.com/rooms/1177555,킹사이즈 침대 2개 · 전용 욕실
1117720,https://www.airbnb.com/rooms/1117720,침대 1개 · 공용 욕실
1117842,https://www.airbnb.com/rooms/1117842,더블 침대 1개 · 공용 욕실
1185611,https://www.airbnb.com/rooms/1185611,침대 1개 · 공용 욕실
1188467,https://www.airbnb.com/rooms/1188467,퀸사이즈 침대 1개 · 공용 욕실
1288328,https://www.airbnb.com/rooms/1288328,더블 침대 1개 · 침실에 딸린 전용 욕실
1444607,https://www.airbnb.com/rooms/1444607,침대 1개 · 공용 욕실
1289824,https://www.airbnb.com/rooms/1289824,침대 1개 · 공용 욕실
1445547,https://www.airbnb.com/rooms/1445547,침대 1개 · 공용 욕실
1448098,https://www.airbnb.com/rooms/1448098,퀸사이즈 침대 1개 · 공용 욕실
1310972,https://www.airbnb.com/rooms/1310972,침대 1개 · 공용 욕실
1477127,https://www.airbnb.com/rooms/1477127,침실 1개 · 전용 욕실
1483126,https://www.airbnb.com/rooms/1483126,침실 1개 · 공용 욕실
1228389,https://www.airbnb.com/rooms/1228389,침대 1개 · 공용 욕실
1335779,https://www.airbnb.com/rooms/1335779,침대 1개 · 공용 욕실
1238314,https://www.airbnb.com/rooms/1238314,더블 침대 1개 · 공용 욕실
1244162,https://www.airbnb.com/rooms/1244162,최대 인원 2명 · 침실 1개 · 침대 1개 · 욕실 1개
1266554,https://www.airbnb.com/rooms/1266554,침대 1개 · 공용 욕실
1268104,https://www.airbnb.com/rooms/1268104,침대 3개 · 공용 욕실
1268125,https://www.airbnb.com/rooms/1268125,침대 1개 · 공용 욕실
1268135,https://www.airbnb.com/rooms/1268135,침대 1개 · 공용 욕실
1274276,https://www.airbnb.com/rooms/1274276,더블 침대 1개 · 공용 화장실
1362525,https://www.airbnb.com/rooms/1362525,침대 1개 · 공용 욕실
1563662,https://www.airbnb.com/rooms/1563662,최대 인원 3명 · 원룸 · 침대 1개 · 욕실 1개
1626486,https://www.airbnb.com/rooms/1626486,침대 1개 · 공용 욕실
1628126,https://www.airbnb.com/rooms/1628126,침대 1개 · 전용 욕실
1648809,https://www.airbnb.com/rooms/1648809,최대 인원 2명 · 원룸 · 욕실 1.5개
1593625,https://www.airbnb.com/rooms/1593625,N/A
1666544,https://www.airbnb.com/rooms/1666544,더블 침대 1개 · 공용 욕실
1670108,https://www.airbnb.com/rooms/1670108,N/A
1603453,https://www.airbnb.com/rooms/1603453,더블 침대 1개 · 공용 욕실
1674813,https://www.airbnb.com/rooms/1674813,침실 1개 · 공용 욕실
1698371,https://www.airbnb.com/rooms/1698371,침대 3개 · 공용 욕실
1713053,https://www.airbnb.com/rooms/1713053,더블 침대 1개 · 전용 욕실
1834920,https://www.airbnb.com/rooms/1834920,침대 2개 · 공용 욕실
1421796,https://www.airbnb.com/rooms/1421796,N/A
1838348,https://www.airbnb.com/rooms/1838348,더블 침대 1개 · 공용 욕실
1842557,https://www.airbnb.com/rooms/1842557,더블 침대 1개 · 전용 욕실
1849158,https://www.airbnb.com/rooms/1849158,N/A
1888143,https://www.airbnb.com/rooms/1888143,더블 침대 1개 · 공용 욕실
1765385,https://www.airbnb.com/rooms/1765385,침대 1개 · 공용 욕실
1780542,https://www.airbnb.com/rooms/1780542,최대 인원 2명 · 원룸 · 침대 1개 · 욕실 1개
2021621,https://www.airbnb.com/rooms/2021621,침대 1개 · 공용 욕실
1909104,https://www.airbnb.com/rooms/1909104,침대 1개 · 공용 욕실
1795690,https://www.airbnb.com/rooms/1795690,최대 인원 2명 · 원룸 · 침대 1개 · 욕실 1개
1805010,https://www.airbnb.com/rooms/1805010,침대 1개 · 공용 욕실
1918751,https://www.airbnb.com/rooms/1918751,더블 침대 1개 · 공용 욕실
1918833,https://www.airbnb.com/rooms/1918833,침대 1개 · 공용 욕실
2037815,https://www.airbnb.com/rooms/2037815,더블 침대 1개 · 공용 욕실
2162431,https://www.airbnb.com/rooms/2162431,침대 1개 · 공용 욕실
1948157,https://www.airbnb.com/rooms/1948157,침대 1개 · 공용 욕실
2045254,https://www.airbnb.com/rooms/2045254,퀸사이즈 침대 1개 · 욕실 없음
2173226,https://www.airbnb.com/rooms/2173226,침대 1개 · 공용 욕실
2045673,https://www.airbnb.com/rooms/2045673,최대 인원 2명 · 원룸 · 욕실 1개
2053193,https://www.airbnb.com/rooms/2053193,침대 1개 · 공용 욕실
2054767,https://www.airbnb.com/rooms/2054767,더블 침대 2개 · 전용 욕실
2060485,https://www.airbnb.com/rooms/2060485,최대 인원 3명 · 원룸 · 침대 1개 · 욕실 2개
2191456,https://www.airbnb.com/rooms/2191456,더블 침대 1개 · 공용 욕실
2073647,https://www.airbnb.com/rooms/2073647,더블 침대 1개 · 공용 욕실
1984141,https://www.airbnb.com/rooms/1984141,침대 1개 · 공용 욕실
2087417,https://www.airbnb.com/rooms/2087417,침대 1개 · 공용 욕실
2113530,https://www.airbnb.com/rooms/2113530,N/A
2119021,https://www.airbnb.com/rooms/2119021,침대 1개 · 공용 욕실
1994211,https://www.airbnb.com/rooms/1994211,침대 1개 · 공용 욕실
2213671,https://www.airbnb.com/rooms/2213671,침대 2개 · 공용 욕실 5개
2120417,https://www.airbnb.com/rooms/2120417,침대 2개 · 공용 욕실
2216626,https://www.airbnb.com/rooms/2216626,더블 침대 1개 · 침실에 딸린 전용 욕실
2373150,https://www.airbnb.com/rooms/2373150,침대 1개 · 공용 욕실
2225080,https://www.airbnb.com/rooms/2225080,더블 침대 1개 · 공용 욕실
2227271,https://www.airbnb.com/rooms/2227271,침대 1개 · 공용 욕실
2231133,https://www.airbnb.com/rooms/2231133,침대 1개 · 공용 욕실
2378704,https://www.airbnb.com/rooms/2378704,더블 침대 1개 · 공용 욕실
2134928,https://www.airbnb.com/rooms/2134928,더블 침대 1개 · 전용 욕실
2386324,https://www.airbnb.com/rooms/2386324,침대 2개 · 공용 욕실
2386825,https://www.airbnb.com/rooms/2386825,침대 1개 · 공용 욕실
2388759,https://www.airbnb.com/rooms/2388759,N/A
2396731,https://www.airbnb.com/rooms/2396731,소파 베드 1개 · 공용 욕실
2280235,https://www.airbnb.com/rooms/2280235,싱글 침대 1개 · 공용 욕실
2565961,https://www.airbnb.com/rooms/2565961,N/A
2569782,https://www.airbnb.com/rooms/2569782,침실 1개 · 공용 욕실
2446110,https://www.airbnb.com/rooms/2446110,침대 1개 · 공용 욕실
2447109,https://www.airbnb.com/rooms/2447109,침대 1개 · 공용 욕실
2294693,https://www.airbnb.com/rooms/2294693,더블 침대 1개 · 공용 욕실
2304114,https://www.airbnb.com/rooms/2304114,침대 1개 · 공용 욕실
2317293,https://www.airbnb.com/rooms/2317293,침대 2개 · 공용 욕실
2596246,https://www.airbnb.com/rooms/2596246,더블 침대 1개 · 공용 욕실
2596483,https://www.airbnb.com/rooms/2596483,침대 1개 · 공용 욕실
2332011,https://www.airbnb.com/rooms/2332011,침대 1개 · 공용 욕실
2341477,https://www.airbnb.com/rooms/2341477,침대 1개 · 공용 욕실
2349016,https://www.airbnb.com/rooms/2349016,더블 침대 1개 · 공용 욕실
2488090,https://www.airbnb.com/rooms/2488090,N/A
2744696,https://www.airbnb.com/rooms/2744696,N/A
2618124,https://www.airbnb.com/rooms/2618124,퀸사이즈 침대 1개 · 전용 욕실
2517336,https://www.airbnb.com/rooms/2517336,더블 침대 1개 · 공용 욕실
2757957,https://www.airbnb.com/rooms/2757957,침대 1개 · 공용 욕실
2631426,https://www.airbnb.com/rooms/2631426,N/A
2775878,https://www.airbnb.com/rooms/2775878,N/A
2545245,https://www.airbnb.com/rooms/2545245,더블 침대 1개 · 공용 욕실
2549835,https://www.airbnb.com/rooms/2549835,침대 1개 · 공용 욕실
2814945,https://www.airbnb.com/rooms/2814945,침대 1개 · 공용 욕실
2837746,https://www.airbnb.com/rooms/2837746,침실 1개 · 공용 욕실
2680557,https://www.airbnb.com/rooms/2680557,침대 1개 · 공용 욕실
2684798,https://www.airbnb.com/rooms/2684798,최대 인원 2명 · 원룸 · 침대 1개 · 욕실 1개
3015840,https://www.airbnb.com/rooms/3015840,침대 1개 · 공용 욕실
3017927,https://www.airbnb.com/rooms/3017927,더블 침대 1개 · 공용 욕실
2853511,https://www.airbnb.com/rooms/2853511,퀸사이즈 침대 1개 · 공용 욕실
2856792,https://www.airbnb.com/rooms/2856792,최대 인원 2명 · 원룸 · 욕실 1개
3035665,https://www.airbnb.com/rooms/3035665,침대 1개 · 공용 욕실
2867273,https://www.airbnb.com/rooms/2867273,더블 침대 1개 · 전용 욕실
2868232,https://www.airbnb.com/rooms/2868232,소파 베드 1개 · 공용 욕실
2869074,https://www.airbnb.com/rooms/2869074,N/A
2900583,https://www.airbnb.com/rooms/2900583,침대 1개 · 공용 욕실
2716634,https://www.airbnb.com/rooms/2716634,더블 침대 1개 · 공용 욕실
2917011,https://www.airbnb.com/rooms/2917011,침대 1개 · 공용 욕실
2721893,https://www.airbnb.com/rooms/2721893,최대 인원 2명 · 원룸 · 침대 1개 · 욕실 1개
2729885,https://www.airbnb.com/rooms/2729885,킹사이즈 침대 1개 · 침실에 딸린 전용 욕실
3111356,https://www.airbnb.com/rooms/3111356,N/A
3113465,https://www.airbnb.com/rooms/3113465,침대 1개 · 공용 욕실
3118614,https://www.airbnb.com/rooms/3118614,침실 0개 · 공용 욕실
3120258,https://www.airbnb.com/rooms/3120258,침대 1개 · 공용 욕실
2962834,https://www.airbnb.com/rooms/2962834,침대 1개 · 공용 욕실
3330928,https://www.airbnb.com/rooms/3330928,더블 침대 1개 · 공용 욕실
3141762,https://www.airbnb.com/rooms/3141762,침대 1개 · 공용 욕실
3146648,https://www.airbnb.com/rooms/3146648,침대 1개 · 공용 욕실
3203717,https://www.airbnb.com/rooms/3203717,침실 1개 · 공용 욕실
3344106,https://www.airbnb.com/rooms/3344106,싱글 침대 1개 · 공용 욕실
3347023,https://www.airbnb.com/rooms/3347023,최대 인원 3명 · 원룸 · 욕실 1개
3176387,https://www.airbnb.com/rooms/3176387,N/A
3348568,https://www.airbnb.com/rooms/3348568,N/A
3227153,https://www.airbnb.com/rooms/3227153,최대 인원 2명 · 원룸 · 침대 1개 · 욕실 1.5개
3349899,https://www.airbnb.com/rooms/3349899,침대 1개 · 공용 욕실
3229925,https://www.airbnb.com/rooms/3229925,침대 1개 · 공용 욕실
3235314,https://www.airbnb.com/rooms/3235314,최대 인원 3명 · 원룸 · 욕실 1개
3450212,https://www.airbnb.com/rooms/3450212,킹사이즈 침대 1개 · 전용 욕실
3356929,https://www.airbnb.com/rooms/3356929,킹사이즈 침대 1개 · 공용 욕실
3240415,https://www.airbnb.com/rooms/3240415,침대 1개 · 공용 욕실
3267020,https://www.airbnb.com/rooms/3267020,N/A
3267967,https://www.airbnb.com/rooms/3267967,최대 인원 2명 · 원룸 · 침대 1개 · 욕실 1개
3492448,https://www.airbnb.com/rooms/3492448,N/A
3497202,https://www.airbnb.com/rooms/3497202,침대 1개 · 공용 욕실
3281207,https://www.airbnb.com/rooms/3281207,퀸사이즈 침대 1개 · 공용 욕실
3400832,https://www.airbnb.com/rooms/3400832,침대 1개 · 공용 욕실
3410651,https://www.airbnb.com/rooms/3410651,침대 1개 · 공용 욕실
3506033,https://www.airbnb.com/rooms/3506033,침대 1개 · 공용 욕실
3293399,https://www.airbnb.com/rooms/3293399,침대 2개 · 전용 욕실
3510729,https://www.airbnb.com/rooms/3510729,침대 1개 · 공용 욕실
3519254,https://www.airbnb.com/rooms/3519254,더블 침대 1개 · 공용 욕실
3302733,https://www.airbnb.com/rooms/3302733,침대 2개 · 공용 욕실
3318930,https://www.airbnb.com/rooms/3318930,더블 침대 1개 · 공용 욕실
3531327,https://www.airbnb.com/rooms/3531327,침대 1개 · 공용 욕실
3321096,https://www.airbnb.com/rooms/3321096,침실 1개 · 공용 욕실
3433786,https://www.airbnb.com/rooms/3433786,침대 1개 · 공용 욕실
3437352,https://www.airbnb.com/rooms/3437352,침대 1개 · 공용 욕실
3538401,https://www.airbnb.com/rooms/3538401,킹사이즈 침대 1개 · 공용 욕실
3541012,https://www.airbnb.com/rooms/3541012,침대 1개 · 공용 욕실
3701055,https://www.airbnb.com/rooms/3701055,침대 1개 · 공용 욕실
3701124,https://www.airbnb.com/rooms/3701124,침대 1개 · 공용 욕실
3552642,https://www.airbnb.com/rooms/3552642,N/A
3553492,https://www.airbnb.com/rooms/3553492,침대 1개 · 공용 욕실
3560991,https://www.airbnb.com/rooms/3560991,침대 1개 · 공용 욕실
3587575,https://www.airbnb.com/rooms/3587575,침대 1개 · 공용 욕실
3722609,https://www.airbnb.com/rooms/3722609,싱글 침대 1개 · 공용 욕실
3567999,https://www.airbnb.com/rooms/3567999,침대 1개 · 공용 욕실
3573976,https://www.airbnb.com/rooms/3573976,N/A
3738009,https://www.airbnb.com/rooms/3738009,더블 침대 1개 · 공용 욕실
3601794,https://www.airbnb.com/rooms/3601794,최대 인원 2명 · 원룸 · 침대 1개 · 욕실 1개
3602016,https://www.airbnb.com/rooms/3602016,더블 침대 1개 · 공용 욕실
3741769,https://www.airbnb.com/rooms/3741769,최대 인원 2명 · 원룸 · 침대 1개 · 욕실 1개
3746316,https://www.airbnb.com/rooms/3746316,최대 인원 2명 · 원룸 · 침대 1개 · 욕실 1개
3871382,https://www.airbnb.com/rooms/3871382,최대 인원 2명 · 원룸 · 침대 1개 · 욕실 1개
3621702,https://www.airbnb.com/rooms/3621702,침대 1개 · 공용 욕실
3764544,https://www.airbnb.com/rooms/3764544,최대 인원 1명 · 침실 1개 · 침대 1개 · 욕실 1.5개
3875713,https://www.airbnb.com/rooms/3875713,N/A
3634244,https://www.airbnb.com/rooms/3634244,침대 1개 · 공용 욕실
3882483,https://www.airbnb.com/rooms/3882483,킹사이즈 침대 1개 · 전용 욕실
3773424,https://www.airbnb.com/rooms/3773424,침실 1개 · 전용 욕실
3889767,https://www.airbnb.com/rooms/3889767,N/A
3653613,https://www.airbnb.com/rooms/3653613,N/A
3790167,https://www.airbnb.com/rooms/3790167,최대 인원 2명 · 침실 1개 · 침대 1개 · 욕실 1.5개
3658541,https://www.airbnb.com/rooms/3658541,침대 1개 · 공용 욕실
3911545,https://www.airbnb.com/rooms/3911545,최대 인원 2명 · 원룸 · 침대 1개 · 욕실 1개
3914973,https://www.airbnb.com/rooms/3914973,퀸사이즈 침대 1개 · 공용 욕실
3661508,https://www.airbnb.com/rooms/3661508,침대 1개 · 공용 욕실
3917692,https://www.airbnb.com/rooms/3917692,침대 1개 · 공용 욕실
3804150,https://www.airbnb.com/rooms/3804150,침대 1개 · 공용 욕실
3814102,https://www.airbnb.com/rooms/3814102,침대 1개 · 공용 욕실
3928592,https://www.airbnb.com/rooms/3928592,N/A
3698133,https://www.airbnb.com/rooms/3698133,퀸사이즈 침대 1개 · 공용 욕실
3840336,https://www.airbnb.com/rooms/3840336,퀸사이즈 침대 1개 · 전용 욕실
3845399,https://www.airbnb.com/rooms/3845399,N/A
3974425,https://www.airbnb.com/rooms/3974425,N/A
4168967,https://www.airbnb.com/rooms/4168967,더블 침대 1개 · 공용 욕실
4012401,https://www.airbnb.com/rooms/4012401,더블 침대 1개 · 공용 욕실
3982570,https://www.airbnb.com/rooms/3982570,최대 인원 2명 · 원룸 · 침대 1개 · 욕실 1개
3983248,https://www.airbnb.com/rooms/3983248,침대 1개 · 공용 욕실
4184780,https://www.airbnb.com/rooms/4184780,침대 1개 · 공용 욕실
4190192,https://www.airbnb.com/rooms/4190192,침대 1개 · 공용 욕실
4048755,https://www.airbnb.com/rooms/4048755,N/A
4347610,https://www.airbnb.com/rooms/4347610,침대 1개 · 공용 욕실
4196137,https://www.airbnb.com/rooms/4196137,침대 1개 · 공용 욕실
4349549,https://www.airbnb.com/rooms/4349549,N/A
4052377,https://www.airbnb.com/rooms/4052377,침대 1개 · 공용 욕실
4359155,https://www.airbnb.com/rooms/4359155,침대 1개 · 공용 욕실
4056105,https://www.airbnb.com/rooms/4056105,퀸사이즈 침대 1개 · 공용 욕실
4210429,https://www.airbnb.com/rooms/4210429,침대 1개 · 공용 욕실
4369078,https://www.airbnb.com/rooms/4369078,퀸사이즈 침대 1개 · 전용 욕실
4370203,https://www.airbnb.com/rooms/4370203,침실 1개 · 전용 욕실
4216094,https://www.airbnb.com/rooms/4216094,더블 침대 1개 · 공용 욕실
4066185,https://www.airbnb.com/rooms/4066185,침대 1개 · 공용 욕실
4066288,https://www.airbnb.com/rooms/4066288,침대 1개 · 공용 욕실
4070924,https://www.airbnb.com/rooms/4070924,더블 침대 2개 · 공용 욕실
4232866,https://www.airbnb.com/rooms/4232866,침실 1개 · 공용 욕실
4088741,https://www.airbnb.com/rooms/4088741,침대 1개 · 공용 욕실
4092595,https://www.airbnb.com/rooms/4092595,더블 침대 1개 · 공용 욕실
4274501,https://www.airbnb.com/rooms/4274501,싱글 침대 1개 · 공용 욕실
4093457,https://www.airbnb.com/rooms/4093457,더블 침대 1개 · 전용 욕실
4280762,https://www.airbnb.com/rooms/4280762,N/A
4096359,https://www.airbnb.com/rooms/4096359,N/A
4098634,https://www.airbnb.com/rooms/4098634,침대 1개 · 공용 욕실
4104872,https://www.airbnb.com/rooms/4104872,침대 1개 · 공용 욕실
4428745,https://www.airbnb.com/rooms/4428745,더블 침대 1개 · 공용 욕실
4299597,https://www.airbnb.com/rooms/4299597,최대 인원 1명 · 침실 1개 · 침대 1개 · 욕실 1개
4132107,https://www.airbnb.com/rooms/4132107,침대 1개 · 공용 욕실
4321339,https://www.airbnb.com/rooms/4321339,N/A
4156223,https://www.airbnb.com/rooms/4156223,침대 1개 · 공용 욕실
4469419,https://www.airbnb.com/rooms/4469419,침대 1개 · 공용 욕실
4469988,https://www.airbnb.com/rooms/4469988,침대 1개 · 공용 욕실
4162870,https://www.airbnb.com/rooms/4162870,침대 1개 · 공용 욕실
4496512,https://www.airbnb.com/rooms/4496512,침대 1개 · 공용 욕실
4506257,https://www.airbnb.com/rooms/4506257,더블 침대 1개 · 공용 욕실
4512702,https://www.airbnb.com/rooms/4512702,싱글 침대 1개 · 공용 욕실
4535538,https://www.airbnb.com/rooms/4535538,퀸사이즈 침대 1개 · 공용 욕실
4740652,https://www.airbnb.com/rooms/4740652,침대 1개 · 공용 욕실
4537130,https://www.airbnb.com/rooms/4537130,N/A
4652199,https://www.airbnb.com/rooms/4652199,더블 침대 1개 · 전용 욕실
4743124,https://www.airbnb.com/rooms/4743124,침대 1개 · 공용 욕실
4547110,https://www.airbnb.com/rooms/4547110,침대 1개 · 공용 욕실
4656696,https://www.airbnb.com/rooms/4656696,N/A
4557685,https://www.airbnb.com/rooms/4557685,침대 2개 · 공용 욕실
4657332,https://www.airbnb.com/rooms/4657332,침대 1개 · 공용 욕실
4658706,https://www.airbnb.com/rooms/4658706,더블 침대 1개 · 공용 욕실
4660265,https://www.airbnb.com/rooms/4660265,더블 침대 1개 · 공용 욕실
4567026,https://www.airbnb.com/rooms/4567026,침대 1개 · 공용 욕실
4575135,https://www.airbnb.com/rooms/4575135,침대 1개 · 공용 욕실
4579858,https://www.airbnb.com/rooms/4579858,침대 1개 · 공용 욕실
4761334,https://www.airbnb.com/rooms/4761334,최대 인원 2명 · 원룸 · 침대 1개 · 욕실 1개
4761806,https://www.airbnb.com/rooms/4761806,침대 2개 · 공용 욕실
4762343,https://www.airbnb.com/rooms/4762343,침실 1개 · 공용 욕실
4666557,https://www.airbnb.com/rooms/4666557,침대 1개 · 공용 욕실
4600070,https://www.airbnb.com/rooms/4600070,침대 1개 · 공용 욕실
4611302,https://www.airbnb.com/rooms/4611302,침대 1개 · 공용 욕실
4776273,https://www.airbnb.com/rooms/4776273,더블 침대 1개 · 공용 욕실
4682623,https://www.airbnb.com/rooms/4682623,최대 인원 3명 · 원룸 · 침대 1개 · 욕실 1개
4789774,https://www.airbnb.com/rooms/4789774,N/A
4626258,https://www.airbnb.com/rooms/4626258,N/A
4691147,https://www.airbnb.com/rooms/4691147,침대 1개 · 공용 욕실
4699759,https://www.airbnb.com/rooms/4699759,침대 1개 · 공용 욕실
4815852,https://www.airbnb.com/rooms/4815852,침대 1개 · 공용 욕실
4802818,https://www.airbnb.com/rooms/4802818,더블 침대 1개 · 공용 욕실
4826552,https://www.airbnb.com/rooms/4826552,더블 침대 1개 · 침실에 딸린 전용 욕실
4973820,https://www.airbnb.com/rooms/4973820,침대 1개 · 공용 욕실
4713130,https://www.airbnb.com/rooms/4713130,침대 1개 · 공용 욕실
4974221,https://www.airbnb.com/rooms/4974221,최대 인원 2명 · 원룸 · 침대 1개 · 욕실 1개
4987269,https://www.airbnb.com/rooms/4987269,더블 침대 1개 · 전용 욕실
4718914,https://www.airbnb.com/rooms/4718914,더블 침대 1개 · 공용 욕실
4841077,https://www.airbnb.com/rooms/4841077,침대 1개 · 공용 욕실
4844487,https://www.airbnb.com/rooms/4844487,침대 1개 · 공용 욕실
4848725,https://www.airbnb.com/rooms/4848725,침대 2개 · 공용 욕실
4849736,https://www.airbnb.com/rooms/4849736,침대 1개 · 공용 욕실
4859988,https://www.airbnb.com/rooms/4859988,N/A
4872285,https://www.airbnb.com/rooms/4872285,최대 인원 2명 · 원룸 · 침대 1개 · 욕실 1개
4877173,https://www.airbnb.com/rooms/4877173,침대 2개 · 공용 욕실
5132596,https://www.airbnb.com/rooms/5132596,소파 베드 1개 · 공용 욕실
4880123,https://www.airbnb.com/rooms/4880123,퀸사이즈 침대 1개 · 공용 욕실
5134224,https://www.airbnb.com/rooms/5134224,침대 1개 · 공용 욕실
4889255,https://www.airbnb.com/rooms/4889255,침대 1개 · 공용 욕실
5018515,https://www.airbnb.com/rooms/5018515,침대 1개 · 공용 욕실
5018715,https://www.airbnb.com/rooms/5018715,퀸사이즈 침대 1개 · 공용 욕실
5019851,https://www.airbnb.com/rooms/5019851,침대 1개 · 공용 욕실
4906532,https://www.airbnb.com/rooms/4906532,N/A
5142955,https://www.airbnb.com/rooms/5142955,더블 침대 1개 · 침실에 딸린 전용 욕실
5145157,https://www.airbnb.com/rooms/5145157,킹사이즈 침대 1개 · 침실에 딸린 전용 욕실
5145244,https://www.airbnb.com/rooms/5145244,최대 인원 3명 · 원룸 · 침대 2개 · 욕실 1개
4920792,https://www.airbnb.com/rooms/4920792,더블 침대 1개 · 공용 욕실
5034202,https://www.airbnb.com/rooms/5034202,N/A
5036984,https://www.airbnb.com/rooms/5036984,침대 1개 · 공용 욕실
5039949,https://www.airbnb.com/rooms/5039949,N/A
4927937,https://www.airbnb.com/rooms/4927937,더블 침대 1개 · 공용 욕실
5041618,https://www.airbnb.com/rooms/5041618,더블 침대 1개 · 전용 욕실
4931553,https://www.airbnb.com/rooms/4931553,침대 1개 · 공용 욕실
4939887,https://www.airbnb.com/rooms/4939887,최대 인원 2명 · 원룸 · 침대 1개 · 욕실 1개
5177813,https://www.airbnb.com/rooms/5177813,더블 침대 1개 · 공용 욕실
5081461,https://www.airbnb.com/rooms/5081461,퀸사이즈 침대 1개 · 침실에 딸린 전용 욕실
5187349,https://www.airbnb.com/rooms/5187349,퀸사이즈 침대 1개 · 전용 욕실
5083389,https://www.airbnb.com/rooms/5083389,침대 1개 · 공용 욕실
5087388,https://www.airbnb.com/rooms/5087388,더블 침대 1개 · 공용 욕실
5304167,https://www.airbnb.com/rooms/5304167,최대 인원 2명 · 원룸 · 침대 1개 · 욕실 1개
5102369,https://www.airbnb.com/rooms/5102369,침대 1개 · 공용 욕실
5308638,https://www.airbnb.com/rooms/5308638,싱글 침대 2개 · 공용 욕실
5445438,https://www.airbnb.com/rooms/5445438,침대 1개 · 공용 욕실
5334064,https://www.airbnb.com/rooms/5334064,더블 침대 1개 · 공용 욕실
5238152,https://www.airbnb.com/rooms/5238152,침대 1개 · 공용 욕실
5485385,https://www.airbnb.com/rooms/5485385,N/A
5248956,https://www.airbnb.com/rooms/5248956,침대 1개 · 공용 욕실
5249773,https://www.airbnb.com/rooms/5249773,N/A
5355817,https://www.airbnb.com/rooms/5355817,침대 1개 · 공용 욕실
5257115,https://www.airbnb.com/rooms/5257115,더블 침대 1개 · 침실에 딸린 전용 욕실
5370621,https://www.airbnb.com/rooms/5370621,침대 1개 · 공용 욕실
5372976,https://www.airbnb.com/rooms/5372976,더블 침대 1개 · 공용 욕실
5385110,https://www.airbnb.com/rooms/5385110,침대 1개 · 공용 욕실
5385601,https://www.airbnb.com/rooms/5385601,최대 인원 1명 · 원룸 · 침대 1개 · 욕실 1개
5640854,https://www.airbnb.com/rooms/5640854,N/A
5389605,https://www.airbnb.com/rooms/5389605,침대 1개 · 공용 욕실
5645341,https://www.airbnb.com/rooms/5645341,침대 1개 · 공용 욕실
5646789,https://www.airbnb.com/rooms/5646789,싱글 침대 2개 · 침실에 딸린 전용 욕실
5650545,https://www.airbnb.com/rooms/5650545,더블 침대 1개 · 공용 욕실
5536091,https://www.airbnb.com/rooms/5536091,침대 1개 · 공용 욕실
5657519,https://www.airbnb.com/rooms/5657519,더블 침대 1개 · 공용 욕실
5556387,https://www.airbnb.com/rooms/5556387,침대 1개 · 공용 욕실
5413880,https://www.airbnb.com/rooms/5413880,퀸사이즈 침대 1개 · 공용 욕실
5421141,https://www.airbnb.com/rooms/5421141,N/A
5425401,https://www.airbnb.com/rooms/5425401,침대 1개 · 공용 욕실
5790042,https://www.airbnb.com/rooms/5790042,침대 1개 · 공용 욕실
5598260,https://www.airbnb.com/rooms/5598260,킹사이즈 침대 1개 · 전용 욕실
5810308,https://www.airbnb.com/rooms/5810308,침대 1개 · 공용 욕실
5599120,https://www.airbnb.com/rooms/5599120,침대 2개 · 공용 욕실
5696259,https://www.airbnb.com/rooms/5696259,N/A
5696435,https://www.airbnb.com/rooms/5696435,침실 1개 · 공용 욕실
5835156,https://www.airbnb.com/rooms/5835156,최대 인원 3명 · 원룸 · 침대 1개 · 욕실 1개
5837368,https://www.airbnb.com/rooms/5837368,침대 1개 · 공용 욕실
5715111,https://www.airbnb.com/rooms/5715111,N/A
5716394,https://www.airbnb.com/rooms/5716394,침대 2개 · 공용 욕실
5718232,https://www.airbnb.com/rooms/5718232,침대 1개 · 공용 욕실
5968779,https://www.airbnb.com/rooms/5968779,N/A
5972222,https://www.airbnb.com/rooms/5972222,N/A
5975375,https://www.airbnb.com/rooms/5975375,침대 1개 · 공용 욕실
5865746,https://www.airbnb.com/rooms/5865746,퀸사이즈 침대 1개 · 공용 욕실
5865869,https://www.airbnb.com/rooms/5865869,침대 1개 · 공용 욕실
5725544,https://www.airbnb.com/rooms/5725544,침대 1개 · 공용 욕실
5728497,https://www.airbnb.com/rooms/5728497,침대 1개 · 공용 욕실
5732228,https://www.airbnb.com/rooms/5732228,침대 1개 · 공용 욕실
5989171,https://www.airbnb.com/rooms/5989171,침대 2개 · 공용 욕실
5742960,https://www.airbnb.com/rooms/5742960,퀸사이즈 침대 1개 · 공용 욕실
5892538,https://www.airbnb.com/rooms/5892538,침대 1개 · 공용 욕실
5897619,https://www.airbnb.com/rooms/5897619,침대 1개 · 공용 욕실
5999456,https://www.airbnb.com/rooms/5999456,최대 인원 3명 · 원룸 · 침대 2개 · 욕실 1개
6001314,https://www.airbnb.com/rooms/6001314,침대 1개 · 공용 욕실
5756547,https://www.airbnb.com/rooms/5756547,침대 1개 · 공용 욕실
5756664,https://www.airbnb.com/rooms/5756664,더블 침대 1개 · 공용 욕실
5908520,https://www.airbnb.com/rooms/5908520,침대 2개 · 공용 욕실
5758642,https://www.airbnb.com/rooms/5758642,침대 1개 · 공용 욕실
6009972,https://www.airbnb.com/rooms/6009972,킹사이즈 침대 1개 · 공용 욕실
5759389,https://www.airbnb.com/rooms/5759389,N/A
6022274,https://www.airbnb.com/rooms/6022274,침대 1개 · 공용 욕실
5773671,https://www.airbnb.com/rooms/5773671,최대 인원 2명 · 원룸 · 침대 1개 · 욕실 1개
5924386,https://www.airbnb.com/rooms/5924386,더블 침대 1개 · 전용 욕실
5784573,https://www.airbnb.com/rooms/5784573,침대 1개 · 공용 욕실
5929238,https://www.airbnb.com/rooms/5929238,더블 침대 1개 · 침실에 딸린 전용 욕실
6040128,https://www.airbnb.com/rooms/6040128,싱글 침대 1개 · 공용 욕실
6041500,https://www.airbnb.com/rooms/6041500,N/A
6042584,https://www.airbnb.com/rooms/6042584,더블 침대 1개 · 공용 욕실
5936312,https://www.airbnb.com/rooms/5936312,침실 1개 · 공용 욕실
5936694,https://www.airbnb.com/rooms/5936694,침대 2개 · 공용 욕실
5949369,https://www.airbnb.com/rooms/5949369,N/A
6051752,https://www.airbnb.com/rooms/6051752,N/A
6051753,https://www.airbnb.com/rooms/6051753,N/A
6059881,https://www.airbnb.com/rooms/6059881,더블 침대 1개 · 공용 욕실
6266940,https://www.airbnb.com/rooms/6266940,더블 침대 1개 · 공용 욕실
6270224,https://www.airbnb.com/rooms/6270224,더블 침대 1개 · 공용 욕실
6075529,https://www.airbnb.com/rooms/6075529,침대 1개 · 공용 욕실
6272848,https://www.airbnb.com/rooms/6272848,침대 1개 · 공용 욕실
6155036,https://www.airbnb.com/rooms/6155036,침대 1개 · 공용 욕실
6160293,https://www.airbnb.com/rooms/6160293,더블 침대 1개 · 공용 욕실
6090973,https://www.airbnb.com/rooms/6090973,N/A
6098303,https://www.airbnb.com/rooms/6098303,침대 1개 · 공용 욕실
6098794,https://www.airbnb.com/rooms/6098794,N/A
6352291,https://www.airbnb.com/rooms/6352291,더블 침대 1개 · 전용 욕실
6291172,https://www.airbnb.com/rooms/6291172,N/A
6182640,https://www.airbnb.com/rooms/6182640,침대 1개 · 공용 욕실
6359331,https://www.airbnb.com/rooms/6359331,침대 1개 · 공용 욕실
6300066,https://www.airbnb.com/rooms/6300066,침대 1개 · 공용 욕실
6191520,https://www.airbnb.com/rooms/6191520,침대 1개 · 공용 욕실
6366595,https://www.airbnb.com/rooms/6366595,N/A
6367262,https://www.airbnb.com/rooms/6367262,침대 1개 · 공용 욕실
6194112,https://www.airbnb.com/rooms/6194112,더블 침대 1개 · 공용 욕실
6311069,https://www.airbnb.com/rooms/6311069,침대 1개 · 공용 욕실
6205548,https://www.airbnb.com/rooms/6205548,침대 1개 · 공용 욕실
6313232,https://www.airbnb.com/rooms/6313232,침대 1개 · 공용 욕실
6381940,https://www.airbnb.com/rooms/6381940,더블 침대 1개 · 공용 욕실
6314161,https://www.airbnb.com/rooms/6314161,침대 1개 · 공용 욕실
6315862,https://www.airbnb.com/rooms/6315862,퀸사이즈 침대 1개 · 공용 욕실
6212554,https://www.airbnb.com/rooms/6212554,침대 2개 · 공용 욕실
6325468,https://www.airbnb.com/rooms/6325468,침대 1개 · 공용 욕실
6386579,https://www.airbnb.com/rooms/6386579,침대 1개 · 욕실 없음
6214192,https://www.airbnb.com/rooms/6214192,침대 1개 · 공용 욕실
6327481,https://www.airbnb.com/rooms/6327481,침대 1개 · 공용 욕실
6329280,https://www.airbnb.com/rooms/6329280,더블 침대 1개 · 공용 욕실
6333986,https://www.airbnb.com/rooms/6333986,N/A
6397024,https://www.airbnb.com/rooms/6397024,퀸사이즈 침대 1개 · 공용 욕실
6398470,https://www.airbnb.com/rooms/6398470,침대 1개 · 공용 욕실
6341805,https://www.airbnb.com/rooms/6341805,침대 2개 · 공용 욕실
6343140,https://www.airbnb.com/rooms/6343140,침대 1개 · 공용 욕실
6406504,https://www.airbnb.com/rooms/6406504,퀸사이즈 침대 1개 · 공용 욕실
6245066,https://www.airbnb.com/rooms/6245066,침대 1개 · 공용 욕실
6245673,https://www.airbnb.com/rooms/6245673,N/A
6407509,https://www.airbnb.com/rooms/6407509,더블 침대 1개 · 공용 욕실
6245963,https://www.airbnb.com/rooms/6245963,침대 1개 · 공용 욕실
6407907,https://www.airbnb.com/rooms/6407907,N/A
6345514,https://www.airbnb.com/rooms/6345514,침대 1개 · 공용 욕실
6409512,https://www.airbnb.com/rooms/6409512,더블 침대 1개 · 공용 욕실
6457519,https://www.airbnb.com/rooms/6457519,N/A
6458481,https://www.airbnb.com/rooms/6458481,침대 1개 · 공용 욕실
6415114,https://www.airbnb.com/rooms/6415114,더블 침대 1개 · 공용 욕실
6460653,https://www.airbnb.com/rooms/6460653,N/A
6418044,https://www.airbnb.com/rooms/6418044,더블 침대 1개 · 공용 욕실
6419723,https://www.airbnb.com/rooms/6419723,더블 침대 1개 · 공용 욕실
6571674,https://www.airbnb.com/rooms/6571674,최대 인원 2명 · 원룸 · 침대 1개 · 욕실 1개
6422849,https://www.airbnb.com/rooms/6422849,N/A
6574075,https://www.airbnb.com/rooms/6574075,N/A
6574892,https://www.airbnb.com/rooms/6574892,N/A
6575530,https://www.airbnb.com/rooms/6575530,슈퍼싱글 1개 · 공용 욕실
6429266,https://www.airbnb.com/rooms/6429266,침대 1개 · 공용 욕실
6432848,https://www.airbnb.com/rooms/6432848,침대 1개 · 공용 욕실
6435928,https://www.airbnb.com/rooms/6435928,더블 침대 1개 · 공용 욕실
6479246,https://www.airbnb.com/rooms/6479246,N/A
6436056,https://www.airbnb.com/rooms/6436056,N/A
6593437,https://www.airbnb.com/rooms/6593437,침대 1개 · 공용 욕실
6449241,https://www.airbnb.com/rooms/6449241,침대 1개 · 공용 욕실
6600767,https://www.airbnb.com/rooms/6600767,침대 2개 · 공용 욕실
6492167,https://www.airbnb.com/rooms/6492167,퀸사이즈 침대 1개 · 공용 욕실
6601756,https://www.airbnb.com/rooms/6601756,더블 침대 1개 · 공용 욕실
6454939,https://www.airbnb.com/rooms/6454939,더블 침대 1개 · 공용 욕실
6500283,https://www.airbnb.com/rooms/6500283,침대 1개 · 공용 욕실
6457331,https://www.airbnb.com/rooms/6457331,침대 1개 · 공용 욕실
6606649,https://www.airbnb.com/rooms/6606649,침대 1개 · 공용 욕실
6501894,https://www.airbnb.com/rooms/6501894,N/A
6664692,https://www.airbnb.com/rooms/6664692,침대 1개 · 공용 욕실
6609496,https://www.airbnb.com/rooms/6609496,침대 1개 · 공용 욕실
6669204,https://www.airbnb.com/rooms/6669204,더블 침대 1개 · 공용 욕실
6509509,https://www.airbnb.com/rooms/6509509,침대 1개 · 공용 욕실
6672273,https://www.airbnb.com/rooms/6672273,침대 1개 · 공용 욕실
6511216,https://www.airbnb.com/rooms/6511216,최대 인원 2명 · 원룸 · 침대 1개 · 욕실 1개
6676812,https://www.airbnb.com/rooms/6676812,침대 1개 · 공용 욕실
6511591,https://www.airbnb.com/rooms/6511591,침대 1개 · 공용 욕실
6615213,https://www.airbnb.com/rooms/6615213,침대 1개 · 공용 욕실
6681157,https://www.airbnb.com/rooms/6681157,침대 4개 · 공용 욕실
6520804,https://www.airbnb.com/rooms/6520804,더블 침대 1개 · 공용 욕실
6618263,https://www.airbnb.com/rooms/6618263,침대 1개 · 공용 욕실
6619402,https://www.airbnb.com/rooms/6619402,침실 1개 · 공용 욕실
6523401,https://www.airbnb.com/rooms/6523401,침실 1개 · 전용 욕실
6622730,https://www.airbnb.com/rooms/6622730,더블 침대 1개 · 공용 욕실
6698370,https://www.airbnb.com/rooms/6698370,침대 1개 · 공용 욕실
6699212,https://www.airbnb.com/rooms/6699212,더블 침대 1개 · 공용 욕실
6700188,https://www.airbnb.com/rooms/6700188,침대 1개 · 공용 욕실
6534927,https://www.airbnb.com/rooms/6534927,침대 1개 · 공용 욕실
6706265,https://www.airbnb.com/rooms/6706265,더블 침대 1개 · 공용 욕실
6542682,https://www.airbnb.com/rooms/6542682,N/A
6543716,https://www.airbnb.com/rooms/6543716,최대 인원 2명 · 원룸 · 침대 1개 · 욕실 1개
6708890,https://www.airbnb.com/rooms/6708890,침대 1개 · 공용 욕실
6709124,https://www.airbnb.com/rooms/6709124,침대 1개 · 공용 욕실
6637242,https://www.airbnb.com/rooms/6637242,침대 1개 · 공용 욕실
6550626,https://www.airbnb.com/rooms/6550626,침대 1개 · 공용 욕실
6718566,https://www.airbnb.com/rooms/6718566,N/A
6652062,https://www.airbnb.com/rooms/6652062,침대 1개 · 공용 욕실
6652208,https://www.airbnb.com/rooms/6652208,N/A
6552713,https://www.airbnb.com/rooms/6552713,침대 1개 · 공용 욕실
6724998,https://www.airbnb.com/rooms/6724998,침대 1개 · 공용 욕실
6556811,https://www.airbnb.com/rooms/6556811,퀸사이즈 침대 1개 · 전용 욕실
6725409,https://www.airbnb.com/rooms/6725409,침대 1개 · 공용 욕실
6726679,https://www.airbnb.com/rooms/6726679,침대 1개 · 공용 욕실
6655854,https://www.airbnb.com/rooms/6655854,N/A
6656704,https://www.airbnb.com/rooms/6656704,침대 1개 · 공용 욕실
6568487,https://www.airbnb.com/rooms/6568487,침대 1개 · 공용 욕실
6772305,https://www.airbnb.com/rooms/6772305,N/A
6773887,https://www.airbnb.com/rooms/6773887,침대 1개 · 공용 욕실
6854227,https://www.airbnb.com/rooms/6854227,침실 1개 · 공용 욕실
6739062,https://www.airbnb.com/rooms/6739062,싱글 침대 1개 · 공용 욕실
6781059,https://www.airbnb.com/rooms/6781059,침대 1개 · 공용 욕실
6781576,https://www.airbnb.com/rooms/6781576,침대 1개 · 공용 욕실
6859386,https://www.airbnb.com/rooms/6859386,N/A
6782305,https://www.airbnb.com/rooms/6782305,최대 인원 1명 · 원룸 · 침대 1개 · 욕실 1개
6861032,https://www.airbnb.com/rooms/6861032,N/A
6755585,https://www.airbnb.com/rooms/6755585,N/A
6787252,https://www.airbnb.com/rooms/6787252,더블 침대 1개 · 공용 욕실
6864292,https://www.airbnb.com/rooms/6864292,침대 1개 · 공용 화장실
6867451,https://www.airbnb.com/rooms/6867451,N/A
6788203,https://www.airbnb.com/rooms/6788203,N/A
6761407,https://www.airbnb.com/rooms/6761407,침대 1개 · 공용 욕실
6874072,https://www.airbnb.com/rooms/6874072,더블 침대 1개 · 공용 욕실
6878641,https://www.airbnb.com/rooms/6878641,침대 1개 · 공용 욕실
6762939,https://www.airbnb.com/rooms/6762939,침대 1개 · 공용 욕실
6799780,https://www.airbnb.com/rooms/6799780,침대 1개 · 공용 욕실
6951866,https://www.airbnb.com/rooms/6951866,침대 1개 · 공용 욕실
6952075,https://www.airbnb.com/rooms/6952075,침대 1개 · 공용 욕실
6894456,https://www.airbnb.com/rooms/6894456,침대 1개 · 공용 욕실
6815767,https://www.airbnb.com/rooms/6815767,침대 1개 · 공용 욕실
6894866,https://www.airbnb.com/rooms/6894866,침대 1개 · 공용 욕실
6819233,https://www.airbnb.com/rooms/6819233,침대 1개 · 공용 욕실
6821240,https://www.airbnb.com/rooms/6821240,침대 1개 · 공용 욕실
6897690,https://www.airbnb.com/rooms/6897690,최대 인원 2명 · 원룸 · 침대 1개 · 욕실 1개
6900522,https://www.airbnb.com/rooms/6900522,더블 침대 1개 · 공용 욕실
6955622,https://www.airbnb.com/rooms/6955622,소파 베드 1개 · 공용 욕실
6960702,https://www.airbnb.com/rooms/6960702,더블 침대 1개 · 공용 욕실
6904294,https://www.airbnb.com/rooms/6904294,침대 1개 · 공용 욕실
6906382,https://www.airbnb.com/rooms/6906382,침대 1개 · 공용 욕실
6963836,https://www.airbnb.com/rooms/6963836,침대 1개 · 공용 욕실
6907280,https://www.airbnb.com/rooms/6907280,최대 인원 1명 · 원룸 · 침대 1개 · 욕실 1개
6907592,https://www.airbnb.com/rooms/6907592,최대 인원 3명 · 원룸 · 침대 2개 · 욕실 1개
6827413,https://www.airbnb.com/rooms/6827413,더블 침대 1개 · 공용 욕실
6913212,https://www.airbnb.com/rooms/6913212,침대 1개 · 공용 욕실
6913645,https://www.airbnb.com/rooms/6913645,침대 1개 · 공용 욕실
6971334,https://www.airbnb.com/rooms/6971334,침대 1개 · 공용 욕실
6972368,https://www.airbnb.com/rooms/6972368,최대 인원 2명 · 원룸 · 침대 1개 · 욕실 1개
6972662,https://www.airbnb.com/rooms/6972662,침대 1개 · 공용 욕실
6974335,https://www.airbnb.com/rooms/6974335,침대 1개 · 공용 화장실
6924913,https://www.airbnb.com/rooms/6924913,N/A
6983108,https://www.airbnb.com/rooms/6983108,침대 2개 · 공용 욕실
6984793,https://www.airbnb.com/rooms/6984793,침실 1개 · 공용 욕실
6929824,https://www.airbnb.com/rooms/6929824,침대 1개 · 공용 욕실
6987666,https://www.airbnb.com/rooms/6987666,침대 1개 · 공용 욕실
6849249,https://www.airbnb.com/rooms/6849249,싱글 침대 1개 · 공용 욕실
6990435,https://www.airbnb.com/rooms/6990435,침대 1개 · 욕실 없음
6942466,https://www.airbnb.com/rooms/6942466,N/A
6942550,https://www.airbnb.com/rooms/6942550,침대 1개 · 공용 욕실
6942748,https://www.airbnb.com/rooms/6942748,침대 1개 · 공용 욕실
7042880,https://www.airbnb.com/rooms/7042880,N/A
6945721,https://www.airbnb.com/rooms/6945721,싱글 침대 1개 · 공용 욕실
7000247,https://www.airbnb.com/rooms/7000247,더블 침대 1개 · 공용 욕실
7003835,https://www.airbnb.com/rooms/7003835,침대 1개 · 공용 욕실
7161319,https://www.airbnb.com/rooms/7161319,침대 1개 · 공용 욕실
7161510,https://www.airbnb.com/rooms/7161510,침대 1개 · 공용 욕실
7161745,https://www.airbnb.com/rooms/7161745,침대 1개 · 공용 욕실
7014250,https://www.airbnb.com/rooms/7014250,침대 2개 · 공용 욕실
7164812,https://www.airbnb.com/rooms/7164812,N/A
7015242,https://www.airbnb.com/rooms/7015242,침대 1개 · 공용 욕실
7058622,https://www.airbnb.com/rooms/7058622,침대 1개 · 공용 욕실
7059289,https://www.airbnb.com/rooms/7059289,침대 1개 · 공용 욕실
7061209,https://www.airbnb.com/rooms/7061209,침대 1개 · 공용 화장실
7022045,https://www.airbnb.com/rooms/7022045,침대 1개 · 공용 욕실
7022679,https://www.airbnb.com/rooms/7022679,침대 1개 · 공용 욕실
7063451,https://www.airbnb.com/rooms/7063451,침대 1개 · 공용 욕실
7064488,https://www.airbnb.com/rooms/7064488,침대 1개 · 공용 욕실
7069264,https://www.airbnb.com/rooms/7069264,침실 1개 · 전용 욕실
7171483,https://www.airbnb.com/rooms/7171483,침대 1개 · 공용 욕실
7028058,https://www.airbnb.com/rooms/7028058,침대 1개 · 공용 욕실
7029775,https://www.airbnb.com/rooms/7029775,킹사이즈 침대 1개 · 침실에 딸린 전용 욕실
7078106,https://www.airbnb.com/rooms/7078106,침대 1개 · 공용 욕실
7255694,https://www.airbnb.com/rooms/7255694,침대 1개 · 공용 욕실
7259632,https://www.airbnb.com/rooms/7259632,침대 1개 · 공용 욕실
7188835,https://www.airbnb.com/rooms/7188835,퀸사이즈 침대 1개 · 공용 욕실
7189810,https://www.airbnb.com/rooms/7189810,N/A
7190994,https://www.airbnb.com/rooms/7190994,침대 1개 · 공용 욕실
7102563,https://www.airbnb.com/rooms/7102563,침대 1개 · 공용 욕실
7276549,https://www.airbnb.com/rooms/7276549,침대 1개 · 공용 욕실
7105719,https://www.airbnb.com/rooms/7105719,침대 1개 · 공용 욕실
7277469,https://www.airbnb.com/rooms/7277469,침대 2개 · 공용 욕실
7283002,https://www.airbnb.com/rooms/7283002,퀸사이즈 침대 1개 · 공용 욕실
7205051,https://www.airbnb.com/rooms/7205051,침대 1개 · 공용 욕실
7120651,https://www.airbnb.com/rooms/7120651,침대 1개 · 공용 욕실
7205121,https://www.airbnb.com/rooms/7205121,더블 침대 1개 · 공용 욕실
7123642,https://www.airbnb.com/rooms/7123642,최대 인원 2명 · 원룸 · 침대 1개 · 욕실 1개
7285003,https://www.airbnb.com/rooms/7285003,침대 1개 · 공용 욕실
7130319,https://www.airbnb.com/rooms/7130319,침대 1개 · 공용 욕실
7286153,https://www.airbnb.com/rooms/7286153,침대 1개 · 공용 욕실
7131287,https://www.airbnb.com/rooms/7131287,더블 침대 1개 · 공용 욕실
7217349,https://www.airbnb.com/rooms/7217349,침대 1개 · 공용 욕실
7222044,https://www.airbnb.com/rooms/7222044,더블 침대 1개 · 전용 욕실
7291998,https://www.airbnb.com/rooms/7291998,침실 1개 · 공용 욕실
7140951,https://www.airbnb.com/rooms/7140951,최대 인원 2명 · 원룸 · 침대 1개 · 욕실 1개
7223946,https://www.airbnb.com/rooms/7223946,침대 1개 · 공용 욕실
7297520,https://www.airbnb.com/rooms/7297520,침대 1개 · 공용 욕실
7297784,https://www.airbnb.com/rooms/7297784,N/A
7300854,https://www.airbnb.com/rooms/7300854,침대 1개 · 공용 욕실
7302235,https://www.airbnb.com/rooms/7302235,침대 1개 · 공용 욕실
7304191,https://www.airbnb.com/rooms/7304191,침대 1개 · 공용 욕실
7338306,https://www.airbnb.com/rooms/7338306,침대 1개 · 공용 욕실
7340654,https://www.airbnb.com/rooms/7340654,침대 1개 · 공용 욕실
7340957,https://www.airbnb.com/rooms/7340957,침대 1개 · 공용 욕실
7342029,https://www.airbnb.com/rooms/7342029,침대 1개 · 공용 욕실
7315203,https://www.airbnb.com/rooms/7315203,더블 침대 1개 · 전용 욕실
7315585,https://www.airbnb.com/rooms/7315585,침대 1개 · 공용 욕실
7344300,https://www.airbnb.com/rooms/7344300,침대 1개 · 공용 욕실
7244095,https://www.airbnb.com/rooms/7244095,침대 1개 · 공용 욕실
7318979,https://www.airbnb.com/rooms/7318979,침대 1개 · 공용 욕실
7320251,https://www.airbnb.com/rooms/7320251,침대 1개 · 공용 욕실
7348329,https://www.airbnb.com/rooms/7348329,침대 1개 · 공용 욕실
7324287,https://www.airbnb.com/rooms/7324287,침대 1개 · 공용 욕실
7355674,https://www.airbnb.com/rooms/7355674,N/A
7324617,https://www.airbnb.com/rooms/7324617,침대 1개 · 공용 욕실
7324894,https://www.airbnb.com/rooms/7324894,N/A
7363306,https://www.airbnb.com/rooms/7363306,침대 1개 · 공용 욕실
7328399,https://www.airbnb.com/rooms/7328399,침대 1개 · 공용 욕실
7434517,https://www.airbnb.com/rooms/7434517,침대 1개 · 공용 욕실
7436164,https://www.airbnb.com/rooms/7436164,침대 1개 · 공용 욕실
7510016,https://www.airbnb.com/rooms/7510016,최대 인원 2명 · 원룸 · 침대 2개 · 욕실 1개
7510488,https://www.airbnb.com/rooms/7510488,싱글 침대 1개 · 공용 욕실
7510626,https://www.airbnb.com/rooms/7510626,침대 1개 · 공용 욕실
7436428,https://www.airbnb.com/rooms/7436428,침대 1개 · 공용 욕실
7436492,https://www.airbnb.com/rooms/7436492,침대 1개 · 공용 욕실
7378649,https://www.airbnb.com/rooms/7378649,침대 1개 · 공용 욕실
7437870,https://www.airbnb.com/rooms/7437870,침대 1개 · 공용 욕실
7515871,https://www.airbnb.com/rooms/7515871,N/A
7445190,https://www.airbnb.com/rooms/7445190,침대 1개 · 공용 욕실
7522447,https://www.airbnb.com/rooms/7522447,침대 1개 · 공용 욕실
7385879,https://www.airbnb.com/rooms/7385879,침대 1개 · 공용 욕실
7386084,https://www.airbnb.com/rooms/7386084,침대 1개 · 공용 욕실
7449641,https://www.airbnb.com/rooms/7449641,침실 1개 · 공용 욕실
7528235,https://www.airbnb.com/rooms/7528235,침대 1개 · 공용 욕실
7392001,https://www.airbnb.com/rooms/7392001,침대 1개 · 공용 욕실
7531424,https://www.airbnb.com/rooms/7531424,싱글 침대 1개 · 공용 욕실
7393181,https://www.airbnb.com/rooms/7393181,침대 1개 · 공용 욕실
7458555,https://www.airbnb.com/rooms/7458555,침대 1개 · 공용 욕실
7544795,https://www.airbnb.com/rooms/7544795,침대 1개 · 공용 욕실
7396148,https://www.airbnb.com/rooms/7396148,최대 인원 2명 · 원룸 · 침대 1개 · 욕실 1개
7468342,https://www.airbnb.com/rooms/7468342,N/A
7398147,https://www.airbnb.com/rooms/7398147,싱글 침대 1개 · 공용 욕실
7469083,https://www.airbnb.com/rooms/7469083,N/A
7469286,https://www.airbnb.com/rooms/7469286,퀸사이즈 침대 1개 · 공용 욕실
7549788,https://www.airbnb.com/rooms/7549788,침대 1개 · 공용 욕실
7409044,https://www.airbnb.com/rooms/7409044,N/A
7409695,https://www.airbnb.com/rooms/7409695,침대 1개 · 공용 욕실
7410076,https://www.airbnb.com/rooms/7410076,침대 1개 · 공용 욕실
7553565,https://www.airbnb.com/rooms/7553565,침대 1개 · 공용 욕실
7415458,https://www.airbnb.com/rooms/7415458,침대 1개 · 공용 욕실
7555353,https://www.airbnb.com/rooms/7555353,킹사이즈 침대 1개 · 공용 욕실
7480367,https://www.airbnb.com/rooms/7480367,더블 침대 1개 · 전용 욕실
7575620,https://www.airbnb.com/rooms/7575620,침대 1개 · 공용 욕실
7559990,https://www.airbnb.com/rooms/7559990,침대 1개 · 공용 욕실
7578921,https://www.airbnb.com/rooms/7578921,더블 침대 1개 · 공용 욕실
7560171,https://www.airbnb.com/rooms/7560171,침대 1개 · 공용 욕실
7561275,https://www.airbnb.com/rooms/7561275,침대 1개 · 공용 욕실
7580588,https://www.airbnb.com/rooms/7580588,침대 2개 · 공용 욕실
7585801,https://www.airbnb.com/rooms/7585801,침대 1개 · 공용 욕실
7571410,https://www.airbnb.com/rooms/7571410,침대 1개 · 공용 욕실
7496060,https://www.airbnb.com/rooms/7496060,킹사이즈 침대 1개 · 공용 욕실
7573703,https://www.airbnb.com/rooms/7573703,침대 1개 · 공용 욕실
7497445,https://www.airbnb.com/rooms/7497445,N/A
7498746,https://www.airbnb.com/rooms/7498746,퀸사이즈 침대 1개 · 공용 욕실
7594598,https://www.airbnb.com/rooms/7594598,퀸사이즈 침대 1개 · 공용 욕실
7574106,https://www.airbnb.com/rooms/7574106,침대 1개 · 공용 욕실
7574250,https://www.airbnb.com/rooms/7574250,더블 침대 1개 · 공용 욕실
7499902,https://www.airbnb.com/rooms/7499902,침대 1개 · 공용 욕실
7599143,https://www.airbnb.com/rooms/7599143,N/A
7506431,https://www.airbnb.com/rooms/7506431,N/A
7507731,https://www.airbnb.com/rooms/7507731,N/A
7654405,https://www.airbnb.com/rooms/7654405,침대 1개 · 공용 욕실
7663702,https://www.airbnb.com/rooms/7663702,침대 1개 · 공용 욕실
7670328,https://www.airbnb.com/rooms/7670328,침대 1개 · 공용 욕실
7671832,https://www.airbnb.com/rooms/7671832,침대 1개 · 공용 욕실
7601490,https://www.airbnb.com/rooms/7601490,침대 1개 · 공용 욕실
7742605,https://www.airbnb.com/rooms/7742605,침대 1개 · 공용 욕실
7605614,https://www.airbnb.com/rooms/7605614,N/A
7675414,https://www.airbnb.com/rooms/7675414,침대 1개 · 공용 욕실
7676388,https://www.airbnb.com/rooms/7676388,더블 침대 1개 · 공용 욕실
7747258,https://www.airbnb.com/rooms/7747258,침대 1개 · 공용 욕실
7677125,https://www.airbnb.com/rooms/7677125,최대 인원 4명 · 원룸 · 침대 1개 · 욕실 1개
7680054,https://www.airbnb.com/rooms/7680054,N/A
7609215,https://www.airbnb.com/rooms/7609215,침대 1개 · 공용 욕실
7685937,https://www.airbnb.com/rooms/7685937,침대 1개 · 공용 욕실
7754458,https://www.airbnb.com/rooms/7754458,더블 침대 1개 · 전용 욕실
7754866,https://www.airbnb.com/rooms/7754866,침대 1개 · 공용 욕실
7614084,https://www.airbnb.com/rooms/7614084,퀸사이즈 침대 1개 · 공용 욕실
7692535,https://www.airbnb.com/rooms/7692535,침대 1개 · 공용 욕실
7757140,https://www.airbnb.com/rooms/7757140,침실 1개 · 공용 욕실
7693334,https://www.airbnb.com/rooms/7693334,최대 인원 2명 · 원룸 · 침대 1개 · 욕실 1개
7616192,https://www.airbnb.com/rooms/7616192,침대 1개 · 공용 욕실
7759695,https://www.airbnb.com/rooms/7759695,침대 1개 · 공용 욕실
7696489,https://www.airbnb.com/rooms/7696489,침대 1개 · 공용 욕실
7760442,https://www.airbnb.com/rooms/7760442,더블 침대 1개 · 전용 욕실
7619618,https://www.airbnb.com/rooms/7619618,퀸사이즈 침대 1개 · 공용 욕실
7619780,https://www.airbnb.com/rooms/7619780,침대 1개 · 공용 욕실
7707975,https://www.airbnb.com/rooms/7707975,퀸사이즈 침대 1개 · 침실에 딸린 전용 욕실
7769244,https://www.airbnb.com/rooms/7769244,침대 1개 · 공용 욕실
7710234,https://www.airbnb.com/rooms/7710234,침실 1개 · 공용 욕실
7710824,https://www.airbnb.com/rooms/7710824,더블 침대 1개 · 전용 욕실
7630252,https://www.airbnb.com/rooms/7630252,더블 침대 1개 · 공용 욕실
7711876,https://www.airbnb.com/rooms/7711876,침대 1개 · 공용 욕실
7644805,https://www.airbnb.com/rooms/7644805,침실 1개 · 공용 욕실
7645560,https://www.airbnb.com/rooms/7645560,침대 1개 · 공용 욕실
7785605,https://www.airbnb.com/rooms/7785605,N/A
7723848,https://www.airbnb.com/rooms/7723848,N/A
7725299,https://www.airbnb.com/rooms/7725299,침대 1개 · 공용 욕실
7727673,https://www.airbnb.com/rooms/7727673,침대 1개 · 공용 욕실
7794160,https://www.airbnb.com/rooms/7794160,침대 1개 · 공용 욕실
7830076,https://www.airbnb.com/rooms/7830076,최대 인원 2명 · 원룸 · 침대 1개 · 욕실 1개
7830352,https://www.airbnb.com/rooms/7830352,퀸사이즈 침대 1개 · 공용 욕실
7733740,https://www.airbnb.com/rooms/7733740,침대 1개 · 공용 욕실
7831919,https://www.airbnb.com/rooms/7831919,침대 1개 · 공용 욕실
7833305,https://www.airbnb.com/rooms/7833305,N/A
7800360,https://www.airbnb.com/rooms/7800360,N/A
7833588,https://www.airbnb.com/rooms/7833588,침대 1개 · 공용 욕실
7800497,https://www.airbnb.com/rooms/7800497,침대 1개 · 공용 욕실
7803429,https://www.airbnb.com/rooms/7803429,침대 1개 · 공용 욕실
7835716,https://www.airbnb.com/rooms/7835716,퀸사이즈 침대 1개 · 공용 욕실
7928203,https://www.airbnb.com/rooms/7928203,킹사이즈 침대 1개 · 침실에 딸린 전용 욕실
7836828,https://www.airbnb.com/rooms/7836828,N/A
7806400,https://www.airbnb.com/rooms/7806400,N/A
7846619,https://www.airbnb.com/rooms/7846619,슈퍼싱글 1개 · 공용 욕실
7846860,https://www.airbnb.com/rooms/7846860,침대 1개 · 공용 욕실
7814037,https://www.airbnb.com/rooms/7814037,침대 1개 · 공용 욕실
7937134,https://www.airbnb.com/rooms/7937134,침대 1개 · 공용 욕실
7848057,https://www.airbnb.com/rooms/7848057,N/A
7817541,https://www.airbnb.com/rooms/7817541,싱글 침대 2개 · 공용 욕실
7818374,https://www.airbnb.com/rooms/7818374,침실 1개 · 공용 욕실
7857483,https://www.airbnb.com/rooms/7857483,N/A
7943504,https://www.airbnb.com/rooms/7943504,싱글 침대 1개 · 공용 욕실
7943540,https://www.airbnb.com/rooms/7943540,N/A
7858503,https://www.airbnb.com/rooms/7858503,침대 1개 · 공용 욕실
7858514,https://www.airbnb.com/rooms/7858514,침대 1개 · 공용 욕실
7823882,https://www.airbnb.com/rooms/7823882,침대 1개 · 공용 욕실
7876351,https://www.airbnb.com/rooms/7876351,최대 인원 2명 · 원룸 · 침대 1개 · 욕실 1개
8030134,https://www.airbnb.com/rooms/8030134,침대 1개 · 공용 욕실
8032080,https://www.airbnb.com/rooms/8032080,침대 1개 · 공용 욕실
8041949,https://www.airbnb.com/rooms/8041949,침대 1개 · 공용 욕실
7953572,https://www.airbnb.com/rooms/7953572,N/A
7890715,https://www.airbnb.com/rooms/7890715,N/A
7891105,https://www.airbnb.com/rooms/7891105,N/A
7894087,https://www.airbnb.com/rooms/7894087,N/A
7894736,https://www.airbnb.com/rooms/7894736,침대 1개 · 공용 욕실
7895435,https://www.airbnb.com/rooms/7895435,N/A
7977002,https://www.airbnb.com/rooms/7977002,침대 3개 · 공용 욕실
7899313,https://www.airbnb.com/rooms/7899313,침대 1개 · 공용 욕실
7926525,https://www.airbnb.com/rooms/7926525,침대 1개 · 공용 욕실
7927453,https://www.airbnb.com/rooms/7927453,침대 3개 · 공용 욕실
8069013,https://www.airbnb.com/rooms/8069013,침대 1개 · 공용 욕실
8145494,https://www.airbnb.com/rooms/8145494,더블 침대 1개 · 공용 욕실
8070303,https://www.airbnb.com/rooms/8070303,더블 침대 1개 · 전용 욕실
7997199,https://www.airbnb.com/rooms/7997199,침대 1개 · 공용 욕실
8148284,https://www.airbnb.com/rooms/8148284,킹사이즈 침대 1개 · 침실에 딸린 전용 욕실
8158210,https://www.airbnb.com/rooms/8158210,슈퍼싱글 1개 · 공용 욕실
8007845,https://www.airbnb.com/rooms/8007845,침대 2개 · 공용 욕실
8082406,https://www.airbnb.com/rooms/8082406,침대 1개 · 공용 욕실
8084594,https://www.airbnb.com/rooms/8084594,침대 1개 · 공용 욕실
8168705,https://www.airbnb.com/rooms/8168705,퀸사이즈 침대 1개 · 공용 욕실
8168848,https://www.airbnb.com/rooms/8168848,침대 1개 · 공용 욕실
8169589,https://www.airbnb.com/rooms/8169589,침대 1개 · 공용 욕실
8087110,https://www.airbnb.com/rooms/8087110,N/A
8170629,https://www.airbnb.com/rooms/8170629,침대 1개 · 욕실 없음
8170660,https://www.airbnb.com/rooms/8170660,침대 1개 · 욕실 없음
8095346,https://www.airbnb.com/rooms/8095346,침대 1개 · 공용 욕실
8175959,https://www.airbnb.com/rooms/8175959,N/A
8266474,https://www.airbnb.com/rooms/8266474,침대 1개 · 공용 욕실
8269182,https://www.airbnb.com/rooms/8269182,퀸사이즈 침대 1개 · 공용 욕실
8279224,https://www.airbnb.com/rooms/8279224,싱글 침대 4개 · 침실에 딸린 전용 욕실
8111460,https://www.airbnb.com/rooms/8111460,침대 2개 · 공용 욕실
8286162,https://www.airbnb.com/rooms/8286162,킹사이즈 침대 1개 · 공용 욕실
8200595,https://www.airbnb.com/rooms/8200595,침대 1개 · 공용 욕실
8288040,https://www.airbnb.com/rooms/8288040,싱글 침대 1개 · 공용 욕실
8289132,https://www.airbnb.com/rooms/8289132,침대 1개 · 공용 욕실
8204750,https://www.airbnb.com/rooms/8204750,침대 1개 · 공용 욕실
8207512,https://www.airbnb.com/rooms/8207512,침대 1개 · 공용 욕실
8208792,https://www.airbnb.com/rooms/8208792,더블 침대 1개 · 침실에 딸린 전용 욕실
8122780,https://www.airbnb.com/rooms/8122780,퀸사이즈 침대 2개 · 침실에 딸린 전용 욕실
8125714,https://www.airbnb.com/rooms/8125714,침대 1개 · 공용 욕실
8125962,https://www.airbnb.com/rooms/8125962,퀸사이즈 침대 1개 · 공용 욕실
8125980,https://www.airbnb.com/rooms/8125980,침대 1개 · 공용 욕실
8126712,https://www.airbnb.com/rooms/8126712,더블 침대 1개 · 공용 욕실
8307722,https://www.airbnb.com/rooms/8307722,침대 1개 · 공용 욕실
8127220,https://www.airbnb.com/rooms/8127220,킹사이즈 침대 1개 · 공용 욕실
8127311,https://www.airbnb.com/rooms/8127311,침대 1개 · 공용 욕실
8217594,https://www.airbnb.com/rooms/8217594,N/A
8224132,https://www.airbnb.com/rooms/8224132,침실 1개 · 공용 욕실
8138788,https://www.airbnb.com/rooms/8138788,더블 침대 1개 · 공용 욕실
8229521,https://www.airbnb.com/rooms/8229521,침대 1개 · 공용 욕실
8319711,https://www.airbnb.com/rooms/8319711,침실 1개 · 공용 욕실
8368727,https://www.airbnb.com/rooms/8368727,더블 침대 1개 · 공용 욕실
8370038,https://www.airbnb.com/rooms/8370038,N/A
8375635,https://www.airbnb.com/rooms/8375635,침대 1개 · 공용 욕실
8320098,https://www.airbnb.com/rooms/8320098,침대 1개 · 공용 욕실
8320407,https://www.airbnb.com/rooms/8320407,더블 침대 1개 · 공용 욕실
8236004,https://www.airbnb.com/rooms/8236004,N/A
8323934,https://www.airbnb.com/rooms/8323934,침대 1개 · 공용 욕실
8377471,https://www.airbnb.com/rooms/8377471,침대 1개 · 공용 욕실
8379365,https://www.airbnb.com/rooms/8379365,침대 1개 · 공용 욕실
8381606,https://www.airbnb.com/rooms/8381606,침대 1개 · 공용 욕실
8383445,https://www.airbnb.com/rooms/8383445,퀸사이즈 침대 1개 · 전용 욕실
8253329,https://www.airbnb.com/rooms/8253329,퀸사이즈 침대 1개 · 공용 욕실
8336541,https://www.airbnb.com/rooms/8336541,침실 1개 · 공용 욕실
8262217,https://www.airbnb.com/rooms/8262217,최대 인원 4명 · 원룸 · 침대 2개 · 욕실 1개
8499384,https://www.airbnb.com/rooms/8499384,침대 1개 · 공용 욕실
8388331,https://www.airbnb.com/rooms/8388331,침대 1개 · 공용 화장실
8503521,https://www.airbnb.com/rooms/8503521,더블 침대 1개 · 공용 욕실
8388475,https://www.airbnb.com/rooms/8388475,침대 1개 · 공용 욕실
8347867,https://www.airbnb.com/rooms/8347867,싱글 침대 1개 · 공용 욕실
8399510,https://www.airbnb.com/rooms/8399510,침대 1개 · 공용 욕실
8407459,https://www.airbnb.com/rooms/8407459,침대 1개 · 공용 욕실
8352541,https://www.airbnb.com/rooms/8352541,더블 침대 1개 · 공용 욕실
8520345,https://www.airbnb.com/rooms/8520345,침대 1개 · 공용 욕실
8414824,https://www.airbnb.com/rooms/8414824,침대 1개 · 공용 욕실
8415801,https://www.airbnb.com/rooms/8415801,침대 1개 · 공용 욕실
8360907,https://www.airbnb.com/rooms/8360907,침대 1개 · 공용 욕실
8362733,https://www.airbnb.com/rooms/8362733,침대 1개 · 공용 욕실
8416795,https://www.airbnb.com/rooms/8416795,침대 3개 · 공용 욕실
8363592,https://www.airbnb.com/rooms/8363592,최대 인원 2명 · 원룸 · 침대 1개 · 욕실 1개
8536452,https://www.airbnb.com/rooms/8536452,최대 인원 2명 · 원룸 · 침대 1개 · 욕실 1개
8366310,https://www.airbnb.com/rooms/8366310,침대 1개 · 공용 욕실
8434043,https://www.airbnb.com/rooms/8434043,최대 인원 2명 · 원룸 · 침대 1개 · 욕실 1개
8367952,https://www.airbnb.com/rooms/8367952,침대 2개 · 공용 욕실
8553834,https://www.airbnb.com/rooms/8553834,최대 인원 2명 · 원룸 · 침대 1개 · 욕실 1개
8436687,https://www.airbnb.com/rooms/8436687,침대 1개 · 공용 욕실
8442251,https://www.airbnb.com/rooms/8442251,N/A
8632479,https://www.airbnb.com/rooms/8632479,침대 1개 · 공용 욕실
8451187,https://www.airbnb.com/rooms/8451187,침대 1개 · 공용 욕실
8568642,https://www.airbnb.com/rooms/8568642,침대 1개 · 공용 욕실
8569556,https://www.airbnb.com/rooms/8569556,퀸사이즈 침대 1개 · 공용 욕실
8573829,https://www.airbnb.com/rooms/8573829,N/A
8663617,https://www.airbnb.com/rooms/8663617,최대 인원 2명 · 침실 1개 · 침대 1개 · 욕실 1개
8577613,https://www.airbnb.com/rooms/8577613,침대 1개 · 공용 욕실
8463735,https://www.airbnb.com/rooms/8463735,침대 2개 · 공용 욕실
8680525,https://www.airbnb.com/rooms/8680525,침대 1개 · 공용 욕실
8465344,https://www.airbnb.com/rooms/8465344,최대 인원 1명 · 원룸 · 침대 1개 · 욕실 1개
8687600,https://www.airbnb.com/rooms/8687600,침대 1개 · 공용 욕실
8588241,https://www.airbnb.com/rooms/8588241,더블 침대 1개 · 침실에 딸린 전용 욕실
8588442,https://www.airbnb.com/rooms/8588442,침대 1개 · 공용 욕실
8590920,https://www.airbnb.com/rooms/8590920,침대 1개 · 공용 욕실
8699245,https://www.airbnb.com/rooms/8699245,침대 1개 · 공용 욕실
8482012,https://www.airbnb.com/rooms/8482012,침대 1개 · 공용 욕실
8595286,https://www.airbnb.com/rooms/8595286,침대 1개 · 공용 욕실
8711503,https://www.airbnb.com/rooms/8711503,N/A
8606926,https://www.airbnb.com/rooms/8606926,N/A
8610434,https://www.airbnb.com/rooms/8610434,침대 1개 · 공용 욕실
8726415,https://www.airbnb.com/rooms/8726415,더블 침대 1개 · 공용 욕실
8619605,https://www.airbnb.com/rooms/8619605,침대 1개 · 공용 욕실
8619800,https://www.airbnb.com/rooms/8619800,침대 1개 · 공용 욕실
8730026,https://www.airbnb.com/rooms/8730026,침대 2개 · 공용 욕실
8736077,https://www.airbnb.com/rooms/8736077,침대 1개 · 공용 욕실
8794501,https://www.airbnb.com/rooms/8794501,침대 1개 · 공용 욕실
8751091,https://www.airbnb.com/rooms/8751091,침대 1개 · 공용 욕실
8754321,https://www.airbnb.com/rooms/8754321,침대 1개 · 공용 욕실
8913682,https://www.airbnb.com/rooms/8913682,침대 1개 · 공용 욕실
8814676,https://www.airbnb.com/rooms/8814676,침대 1개 · 공용 화장실
8760522,https://www.airbnb.com/rooms/8760522,싱글 침대 1개 · 공용 욕실
8765852,https://www.airbnb.com/rooms/8765852,킹사이즈 침대 1개 · 침실에 딸린 전용 욕실
8917728,https://www.airbnb.com/rooms/8917728,침대 2개 · 공용 욕실
8918129,https://www.airbnb.com/rooms/8918129,침대 1개 · 공용 욕실
8768346,https://www.airbnb.com/rooms/8768346,침대 1개 · 공용 욕실
8921520,https://www.airbnb.com/rooms/8921520,침실 1개 · 침실에 딸린 전용 욕실
8821731,https://www.airbnb.com/rooms/8821731,침대 1개 · 공용 욕실
8768843,https://www.airbnb.com/rooms/8768843,침대 1개 · 공용 욕실
8821859,https://www.airbnb.com/rooms/8821859,싱글 침대 1개 · 공용 욕실
8931066,https://www.airbnb.com/rooms/8931066,침대 1개 · 공용 욕실
8826803,https://www.airbnb.com/rooms/8826803,침대 1개 · 공용 욕실
8780142,https://www.airbnb.com/rooms/8780142,침대 1개 · 공용 욕실
8933087,https://www.airbnb.com/rooms/8933087,침실 1개 · 공용 욕실
8946910,https://www.airbnb.com/rooms/8946910,침대 1개 · 공용 욕실
8786944,https://www.airbnb.com/rooms/8786944,침대 1개 · 공용 욕실
8949661,https://www.airbnb.com/rooms/8949661,더블 침대 1개 · 공용 욕실
8840980,https://www.airbnb.com/rooms/8840980,더블 침대 1개 · 전용 욕실
8841177,https://www.airbnb.com/rooms/8841177,더블 침대 1개 · 전용 욕실
8951149,https://www.airbnb.com/rooms/8951149,더블 침대 1개 · 공용 욕실
8952557,https://www.airbnb.com/rooms/8952557,더블 침대 1개 · 공용 욕실
9033618,https://www.airbnb.com/rooms/9033618,N/A
8954982,https://www.airbnb.com/rooms/8954982,N/A
9046849,https://www.airbnb.com/rooms/9046849,더블 침대 1개 · 전용 욕실
8959897,https://www.airbnb.com/rooms/8959897,퀸사이즈 침대 1개 · 공용 욕실
8853486,https://www.airbnb.com/rooms/8853486,최대 인원 2명 · 원룸 · 침대 2개 · 욕실 1개
8853508,https://www.airbnb.com/rooms/8853508,침대 1개 · 공용 욕실
8968131,https://www.airbnb.com/rooms/8968131,침대 1개 · 공용 욕실
8858072,https://www.airbnb.com/rooms/8858072,최대 인원 2명 · 원룸 · 침대 1개 · 욕실 1개
8970929,https://www.airbnb.com/rooms/8970929,퀸사이즈 침대 1개 · 공용 욕실
8971531,https://www.airbnb.com/rooms/8971531,더블 침대 1개 · 침실에 딸린 전용 욕실
8971542,https://www.airbnb.com/rooms/8971542,침대 1개 · 공용 욕실
8971557,https://www.airbnb.com/rooms/8971557,N/A
9069665,https://www.airbnb.com/rooms/9069665,더블 침대 1개 · 공용 욕실
9080867,https://www.airbnb.com/rooms/9080867,침대 1개 · 공용 욕실
8980461,https://www.airbnb.com/rooms/8980461,침실 1개 · 전용 욕실
8879231,https://www.airbnb.com/rooms/8879231,침대 1개 · 공용 욕실
9086488,https://www.airbnb.com/rooms/9086488,침대 1개 · 공용 욕실
8880490,https://www.airbnb.com/rooms/8880490,침대 1개 · 공용 욕실
8983525,https://www.airbnb.com/rooms/8983525,침대 1개 · 공용 욕실
8990662,https://www.airbnb.com/rooms/8990662,침대 1개 · 공용 욕실
8998204,https://www.airbnb.com/rooms/8998204,침대 1개 · 공용 욕실
9000465,https://www.airbnb.com/rooms/9000465,퀸사이즈 침대 1개 · 공용 욕실
9094386,https://www.airbnb.com/rooms/9094386,침대 1개 · 공용 욕실
9000700,https://www.airbnb.com/rooms/9000700,싱글 침대 1개 · 공용 욕실
9001627,https://www.airbnb.com/rooms/9001627,침대 1개 · 공용 욕실
9005829,https://www.airbnb.com/rooms/9005829,침대 1개 · 공용 욕실
9098969,https://www.airbnb.com/rooms/9098969,침대 1개 · 공용 욕실
8900019,https://www.airbnb.com/rooms/8900019,킹사이즈 침대 1개 · 공용 욕실
9018789,https://www.airbnb.com/rooms/9018789,퀸사이즈 침대 1개 · 공용 욕실
9104440,https://www.airbnb.com/rooms/9104440,침실 1개 · 공용 욕실
9131965,https://www.airbnb.com/rooms/9131965,침대 1개 · 공용 욕실
9020245,https://www.airbnb.com/rooms/9020245,침대 1개 · 공용 욕실
9020269,https://www.airbnb.com/rooms/9020269,침대 1개 · 공용 욕실
9105463,https://www.airbnb.com/rooms/9105463,침대 2개 · 공용 욕실
9108655,https://www.airbnb.com/rooms/9108655,침대 1개 · 공용 욕실
9246937,https://www.airbnb.com/rooms/9246937,침대 1개 · 공용 욕실
9133894,https://www.airbnb.com/rooms/9133894,침대 1개 · 공용 욕실
9113714,https://www.airbnb.com/rooms/9113714,침실 1개 · 공용 욕실
9134750,https://www.airbnb.com/rooms/9134750,침대 1개 · 공용 욕실
9114732,https://www.airbnb.com/rooms/9114732,최대 인원 2명 · 침실 1개 · 침대 1개 · 욕실 1개
9115869,https://www.airbnb.com/rooms/9115869,침대 1개 · 공용 욕실
9252952,https://www.airbnb.com/rooms/9252952,싱글 침대 1개 · 공용 욕실
9254799,https://www.airbnb.com/rooms/9254799,침대 1개 · 공용 욕실
9144423,https://www.airbnb.com/rooms/9144423,퀸사이즈 침대 1개 · 공용 욕실
9146471,https://www.airbnb.com/rooms/9146471,침대 1개 · 공용 욕실
9149371,https://www.airbnb.com/rooms/9149371,더블 침대 1개 · 공용 욕실
9127647,https://www.airbnb.com/rooms/9127647,최대 인원 2명 · 원룸 · 침대 1개 · 욕실 1개
9130035,https://www.airbnb.com/rooms/9130035,최대 인원 2명 · 원룸 · 침대 1개 · 욕실 1개
9130404,https://www.airbnb.com/rooms/9130404,침대 1개 · 공용 욕실
9160837,https://www.airbnb.com/rooms/9160837,침대 1개 · 공용 욕실
