숙소_id,숙소_url,etc
39948,https://www.airbnb.com/rooms/39948,더블 침대 1개 · 침실에 딸린 전용 욕실
205140,https://www.airbnb.com/rooms/205140,더블 침대 1개 · 전용 욕실
12268,https://www.airbnb.com/rooms/12268,침대 1개 · 공용 욕실
226556,https://www.airbnb.com/rooms/226556,침대 1개 · 공용 욕실
22979,https://www.airbnb.com/rooms/22979,침실 1개 · 공용 욕실
36490,https://www.airbnb.com/rooms/36490,퀸사이즈 침대 1개 · 공용 욕실
281965,https://www.airbnb.com/rooms/281965,소파 베드 1개 · 공용 욕실
342856,https://www.airbnb.com/rooms/342856,N/A
458986,https://www.airbnb.com/rooms/458986,최대 인원 3명 · 원룸 · 침대 2개 · 욕실 1개
467782,https://www.airbnb.com/rooms/467782,싱글 침대 1개 · 공용 욕실
476708,https://www.airbnb.com/rooms/476708,더블 침대 1개 · 공용 욕실
563652,https://www.airbnb.com/rooms/563652,침대 1개 · 공용 욕실
503569,https://www.airbnb.com/rooms/503569,싱글 침대 1개 · 공용 욕실
565243,https://www.airbnb.com/rooms/565243,침대 2개 · 공용 욕실
566456,https://www.airbnb.com/rooms/566456,침대 1개 · 욕실 없음
566524,https://www.airbnb.com/rooms/566524,최대 인원 3명 · 원룸 · 침대 3개 · 욕실 1개
413159,https://www.airbnb.com/rooms/413159,퀸사이즈 침대 1개 · 전용 욕실
581258,https://www.airbnb.com/rooms/581258,침대 1개 · 공용 욕실
419721,https://www.airbnb.com/rooms/419721,최대 인원 3명 · 원룸 · 침대 1개 · 욕실 1개
645862,https://www.airbnb.com/rooms/645862,침대 1개 · 공용 욕실
584994,https://www.airbnb.com/rooms/584994,침대 1개 · 공용 욕실
661277,https://www.airbnb.com/rooms/661277,최대 인원 3명 · 원룸 · 침대 2개 · 욕실 1개
733010,https://www.airbnb.com/rooms/733010,침대 1개 · 공용 욕실
599220,https://www.airbnb.com/rooms/599220,침대 2개 · 공용 욕실
746129,https://www.airbnb.com/rooms/746129,N/A
682531,https://www.airbnb.com/rooms/682531,최대 인원 2명 · 원룸 · 침대 1개 · 욕실 1개
693066,https://www.airbnb.com/rooms/693066,최대 인원 2명 · 원룸 · 침대 1개 · 욕실 1개
755575,https://www.airbnb.com/rooms/755575,침대 1개 · 공용 욕실
711884,https://www.airbnb.com/rooms/711884,최대 인원 3명 · 원룸 · 침대 2개 · 욕실 1개
636309,https://www.airbnb.com/rooms/636309,침대 1개 · 공용 욕실
636669,https://www.airbnb.com/rooms/636669,침대 8개 · 공용 욕실
728069,https://www.airbnb.com/rooms/728069,싱글 침대 1개 · 공용 욕실
797703,https://www.airbnb.com/rooms/797703,침대 2개 · 공용 욕실
812357,https://www.airbnb.com/rooms/812357,침대 1개 · 공용 욕실
787556,https://www.airbnb.com/rooms/787556,싱글 침대 1개 · 공용 욕실
959126,https://www.airbnb.com/rooms/959126,침대 1개 · 공용 욕실
845481,https://www.airbnb.com/rooms/845481,최대 인원 4명 · 원룸 · 침대 2개 · 욕실 1개
845806,https://www.airbnb.com/rooms/845806,싱글 침대 1개 · 전용 욕실
914032,https://www.airbnb.com/rooms/914032,더블 침대 1개 · 공용 욕실
924107,https://www.airbnb.com/rooms/924107,더블 침대 1개 · 공용 욕실
1045400,https://www.airbnb.com/rooms/1045400,최대 인원 2명 · 원룸 · 침대 1개 · 욕실 1개
1051044,https://www.airbnb.com/rooms/1051044,최대 인원 2명 · 원룸 · 침대 1개 · 욕실 1개
1053353,https://www.airbnb.com/rooms/1053353,최대 인원 2명 · 원룸 · 침대 1개 · 욕실 1개
1232327,https://www.airbnb.com/rooms/1232327,더블 침대 1개 · 침실에 딸린 전용 욕실
1237872,https://www.airbnb.com/rooms/1237872,침대 1개 · 공용 욕실
1240974,https://www.airbnb.com/rooms/1240974,더블 침대 1개 · 공용 욕실
1300885,https://www.airbnb.com/rooms/1300885,최대 인원 2명 · 원룸 · 욕실 1개
1308953,https://www.airbnb.com/rooms/1308953,침실 1개 · 공용 욕실
1374078,https://www.airbnb.com/rooms/1374078,최대 인원 2명 · 원룸 · 침대 1개 · 욕실 1개
1396771,https://www.airbnb.com/rooms/1396771,침대 1개 · 공용 욕실
1445144,https://www.airbnb.com/rooms/1445144,더블 침대 1개 · 공용 욕실
1431312,https://www.airbnb.com/rooms/1431312,최대 인원 2명 · 침실 1개 · 침대 1개 · 단독 사용 욕실 1개
1437075,https://www.airbnb.com/rooms/1437075,침대 1개 · 공용 욕실
1440443,https://www.airbnb.com/rooms/1440443,최대 인원 4명 · 원룸 · 욕실 1개
1486635,https://www.airbnb.com/rooms/1486635,최대 인원 2명 · 원룸 · 침대 1개 · 욕실 1개
1504780,https://www.airbnb.com/rooms/1504780,최대 인원 2명 · 원룸 · 침대 2개 · 욕실 1개
1616591,https://www.airbnb.com/rooms/1616591,침대 1개 · 공용 욕실
1737386,https://www.airbnb.com/rooms/1737386,최대 인원 2명 · 원룸 · 침대 1개 · 욕실 1개
1619163,https://www.airbnb.com/rooms/1619163,침실 1개 · 공용 욕실
1740453,https://www.airbnb.com/rooms/1740453,최대 인원 2명 · 원룸 · 침대 2개 · 욕실 0개
1751072,https://www.airbnb.com/rooms/1751072,최대 인원 4명 · 원룸 · 침대 3개 · 욕실 1개
1642199,https://www.airbnb.com/rooms/1642199,소파 베드 1개 · 공용 욕실
1532445,https://www.airbnb.com/rooms/1532445,최대 인원 4명 · 원룸 · 침대 2개 · 욕실 1개
1642670,https://www.airbnb.com/rooms/1642670,최대 인원 2명 · 원룸 · 침대 1개 · 욕실 1개
1775642,https://www.airbnb.com/rooms/1775642,최대 인원 2명 · 원룸 · 침대 1개 · 욕실 1개
1787693,https://www.airbnb.com/rooms/1787693,침대 1개 · 공용 욕실
1649087,https://www.airbnb.com/rooms/1649087,최대 인원 2명 · 원룸 · 욕실 1개
1829965,https://www.airbnb.com/rooms/1829965,최대 인원 2명 · 원룸 · 침대 2개 · 욕실 1개
1838538,https://www.airbnb.com/rooms/1838538,침대 1개 · 공용 욕실
1846001,https://www.airbnb.com/rooms/1846001,최대 인원 2명 · 원룸 · 침대 1개 · 욕실 1개
1675606,https://www.airbnb.com/rooms/1675606,침대 1개 · 공용 욕실
1854667,https://www.airbnb.com/rooms/1854667,최대 인원 2명 · 원룸 · 침대 1개 · 욕실 1개
1934988,https://www.airbnb.com/rooms/1934988,침대 2개 · 전용 욕실
1863969,https://www.airbnb.com/rooms/1863969,최대 인원 2명 · 원룸 · 침대 1개 · 욕실 1개
2041844,https://www.airbnb.com/rooms/2041844,최대 인원 4명 · 원룸 · 침대 2개 · 욕실 1개
1875839,https://www.airbnb.com/rooms/1875839,최대 인원 2명 · 원룸 · 침대 1개 · 욕실 1개
1958261,https://www.airbnb.com/rooms/1958261,퀸사이즈 침대 1개 · 공용 욕실
1882994,https://www.airbnb.com/rooms/1882994,최대 인원 2명 · 원룸 · 침대 1개 · 욕실 1개
1884123,https://www.airbnb.com/rooms/1884123,침대 1개 · 공용 욕실
1987369,https://www.airbnb.com/rooms/1987369,최대 인원 2명 · 원룸 · 침대 4개 · 욕실 1개
2077663,https://www.airbnb.com/rooms/2077663,최대 인원 2명 · 원룸 · 침대 1개 · 욕실 1개
1911506,https://www.airbnb.com/rooms/1911506,최대 인원 2명 · 원룸 · 침대 1개 · 욕실 1개
2092460,https://www.airbnb.com/rooms/2092460,침대 1개 · 공용 욕실
2009509,https://www.airbnb.com/rooms/2009509,최대 인원 2명 · 원룸 · 침대 1개 · 욕실 1개
2095291,https://www.airbnb.com/rooms/2095291,최대 인원 2명 · 원룸 · 침대 1개 · 욕실 1개
2013051,https://www.airbnb.com/rooms/2013051,최대 인원 2명 · 원룸 · 침대 1개 · 욕실 1개
2018056,https://www.airbnb.com/rooms/2018056,침대 2개 · 공용 욕실
2286651,https://www.airbnb.com/rooms/2286651,최대 인원 2명 · 원룸 · 침대 1개 · 욕실 1개
2198315,https://www.airbnb.com/rooms/2198315,최대 인원 2명 · 원룸 · 침대 2개 · 욕실 1개
2306018,https://www.airbnb.com/rooms/2306018,침대 1개 · 공용 욕실
2307359,https://www.airbnb.com/rooms/2307359,최대 인원 2명 · 원룸 · 침대 1개 · 욕실 1개
2144032,https://www.airbnb.com/rooms/2144032,최대 인원 2명 · 원룸 · 침대 1개 · 욕실 1개
2147589,https://www.airbnb.com/rooms/2147589,N/A
2329511,https://www.airbnb.com/rooms/2329511,최대 인원 2명 · 원룸 · 침대 1개 · 욕실 1개
2214207,https://www.airbnb.com/rooms/2214207,침대 1개 · 공용 욕실
2343781,https://www.airbnb.com/rooms/2343781,최대 인원 2명 · 원룸 · 침대 1개 · 욕실 1개
2350074,https://www.airbnb.com/rooms/2350074,최대 인원 2명 · 원룸 · 침대 1개 · 욕실 1개
2360822,https://www.airbnb.com/rooms/2360822,더블 침대 1개 · 공용 욕실
2241530,https://www.airbnb.com/rooms/2241530,최대 인원 2명 · 원룸 · 침대 1개 · 욕실 1개
2470272,https://www.airbnb.com/rooms/2470272,최대 인원 1명 · 원룸 · 침대 1개 · 욕실 1개
2270966,https://www.airbnb.com/rooms/2270966,침대 1개 · 공용 욕실
2401938,https://www.airbnb.com/rooms/2401938,최대 인원 2명 · 원룸 · 침대 1개 · 욕실 1개
2409900,https://www.airbnb.com/rooms/2409900,최대 인원 2명 · 원룸 · 침대 1개 · 욕실 1개
2418374,https://www.airbnb.com/rooms/2418374,최대 인원 4명 · 원룸 · 침대 2개 · 욕실 1개
2485119,https://www.airbnb.com/rooms/2485119,최대 인원 4명 · 원룸 · 침대 2개 · 욕실 1개
2680516,https://www.airbnb.com/rooms/2680516,최대 인원 2명 · 원룸 · 침대 1개 · 욕실 1개
2681982,https://www.airbnb.com/rooms/2681982,최대 인원 2명 · 원룸 · 욕실 1개
2570182,https://www.airbnb.com/rooms/2570182,최대 인원 4명 · 원룸 · 침대 2개 · 욕실 1개
2686520,https://www.airbnb.com/rooms/2686520,N/A
2611868,https://www.airbnb.com/rooms/2611868,침대 1개 · 공용 욕실
2732500,https://www.airbnb.com/rooms/2732500,최대 인원 2명 · 원룸 · 침대 1개 · 욕실 1개
2733181,https://www.airbnb.com/rooms/2733181,소파 베드 1개 · 침실에 딸린 전용 욕실
2734334,https://www.airbnb.com/rooms/2734334,N/A
2648444,https://www.airbnb.com/rooms/2648444,싱글 침대 1개 · 공용 욕실
2541850,https://www.airbnb.com/rooms/2541850,최대 인원 2명 · 원룸 · 침대 1개 · 욕실 1개
2910802,https://www.airbnb.com/rooms/2910802,더블 침대 1개 · 공용 욕실
2928599,https://www.airbnb.com/rooms/2928599,최대 인원 2명 · 원룸 · 침대 1개 · 욕실 1개
2790629,https://www.airbnb.com/rooms/2790629,N/A
2849765,https://www.airbnb.com/rooms/2849765,최대 인원 2명 · 원룸 · 침대 1개 · 욕실 1개
3027196,https://www.airbnb.com/rooms/3027196,최대 인원 2명 · 원룸 · 침대 1개 · 욕실 1개
2869175,https://www.airbnb.com/rooms/2869175,최대 인원 2명 · 원룸 · 침대 1개 · 욕실 1개
3036722,https://www.airbnb.com/rooms/3036722,퀸사이즈 침대 1개 · 전용 욕실
3055397,https://www.airbnb.com/rooms/3055397,최대 인원 2명 · 침실 1개 · 침대 1개 · 욕실 1개
3065238,https://www.airbnb.com/rooms/3065238,최대 인원 2명 · 원룸 · 침대 1개 · 욕실 1개
3000012,https://www.airbnb.com/rooms/3000012,킹사이즈 침대 1개 · 공용 욕실
3009073,https://www.airbnb.com/rooms/3009073,최대 인원 2명 · 원룸 · 침대 1개 · 욕실 1개
2901911,https://www.airbnb.com/rooms/2901911,최대 인원 2명 · 원룸 · 침대 1개 · 욕실 1개
2902668,https://www.airbnb.com/rooms/2902668,최대 인원 2명 · 원룸 · 침대 1개 · 욕실 1개
3091632,https://www.airbnb.com/rooms/3091632,최대 인원 2명 · 원룸 · 침대 1개 · 욕실 1개
3127932,https://www.airbnb.com/rooms/3127932,침대 1개 · 공용 욕실
3215428,https://www.airbnb.com/rooms/3215428,퀸사이즈 침대 1개 · 공용 욕실
3215831,https://www.airbnb.com/rooms/3215831,침대 1개 · 공용 욕실
3112558,https://www.airbnb.com/rooms/3112558,더블 침대 1개 · 공용 욕실
3219106,https://www.airbnb.com/rooms/3219106,더블 침대 1개 · 공용 욕실
3221721,https://www.airbnb.com/rooms/3221721,최대 인원 2명 · 원룸 · 침대 1개 · 욕실 1개
3117533,https://www.airbnb.com/rooms/3117533,최대 인원 2명 · 원룸 · 침대 1개 · 욕실 1개
3145189,https://www.airbnb.com/rooms/3145189,침대 1개 · 공용 욕실
3236115,https://www.airbnb.com/rooms/3236115,침대 2개 · 공용 욕실
3236643,https://www.airbnb.com/rooms/3236643,최대 인원 2명 · 원룸 · 침대 1개 · 욕실 1개
3245443,https://www.airbnb.com/rooms/3245443,더블 침대 1개 · 공용 욕실
3176560,https://www.airbnb.com/rooms/3176560,최대 인원 2명 · 원룸 · 침대 1개 · 욕실 1개
3320447,https://www.airbnb.com/rooms/3320447,N/A
3184459,https://www.airbnb.com/rooms/3184459,최대 인원 2명 · 원룸 · 침대 1개 · 욕실 1개
3261736,https://www.airbnb.com/rooms/3261736,최대 인원 2명 · 원룸 · 침대 1개 · 욕실 1개
3191602,https://www.airbnb.com/rooms/3191602,최대 인원 1명 · 원룸 · 침대 1개 · 욕실 0개
3266960,https://www.airbnb.com/rooms/3266960,최대 인원 2명 · 원룸 · 침대 1개 · 욕실 1개
3324888,https://www.airbnb.com/rooms/3324888,최대 인원 2명 · 원룸 · 침대 2개 · 욕실 1개
3337769,https://www.airbnb.com/rooms/3337769,침대 1개 · 공용 욕실
3353089,https://www.airbnb.com/rooms/3353089,최대 인원 2명 · 원룸 · 침대 1개 · 욕실 1개
3285161,https://www.airbnb.com/rooms/3285161,최대 인원 1명 · 원룸 · 욕실 1개
3375886,https://www.airbnb.com/rooms/3375886,침대 1개 · 공용 욕실
3361412,https://www.airbnb.com/rooms/3361412,최대 인원 2명 · 원룸 · 침대 1개 · 욕실 1개
3443335,https://www.airbnb.com/rooms/3443335,N/A
3381300,https://www.airbnb.com/rooms/3381300,침대 1개 · 공용 욕실
3520469,https://www.airbnb.com/rooms/3520469,최대 인원 2명 · 원룸 · 침대 1개 · 욕실 1개
3387908,https://www.airbnb.com/rooms/3387908,N/A
3521177,https://www.airbnb.com/rooms/3521177,최대 인원 2명 · 원룸 · 침대 1개 · 욕실 1개
3450616,https://www.airbnb.com/rooms/3450616,침대 2개 · 공용 욕실
3390689,https://www.airbnb.com/rooms/3390689,더블 침대 1개 · 공용 욕실
3524359,https://www.airbnb.com/rooms/3524359,최대 인원 2명 · 원룸 · 침대 1개 · 욕실 1개
3525346,https://www.airbnb.com/rooms/3525346,최대 인원 2명 · 원룸 · 침대 1개 · 욕실 1개
3392283,https://www.airbnb.com/rooms/3392283,침실 1개 · 공용 욕실
3525417,https://www.airbnb.com/rooms/3525417,N/A
3397373,https://www.airbnb.com/rooms/3397373,최대 인원 4명 · 원룸 · 침대 2개 · 욕실 1개
3462422,https://www.airbnb.com/rooms/3462422,더블 침대 1개 · 공용 욕실
3538876,https://www.airbnb.com/rooms/3538876,침대 1개 · 공용 욕실
3403033,https://www.airbnb.com/rooms/3403033,최대 인원 4명 · 원룸 · 침대 3개 · 욕실 1개
3403303,https://www.airbnb.com/rooms/3403303,최대 인원 2명 · 원룸 · 침대 1개 · 욕실 1개
3403495,https://www.airbnb.com/rooms/3403495,침대 1개 · 공용 욕실
3467044,https://www.airbnb.com/rooms/3467044,최대 인원 2명 · 원룸 · 침대 1개 · 욕실 1개
3541599,https://www.airbnb.com/rooms/3541599,최대 인원 2명 · 원룸 · 침대 1개 · 욕실 1개
3413928,https://www.airbnb.com/rooms/3413928,최대 인원 2명 · 원룸 · 침대 1개 · 욕실 1개
3473064,https://www.airbnb.com/rooms/3473064,소파 베드 1개 · 공용 욕실
3483434,https://www.airbnb.com/rooms/3483434,침대 1개 · 공용 욕실
3566738,https://www.airbnb.com/rooms/3566738,침대 1개 · 공용 욕실
3574256,https://www.airbnb.com/rooms/3574256,최대 인원 2명 · 원룸 · 침대 1개 · 욕실 1개
3575972,https://www.airbnb.com/rooms/3575972,최대 인원 2명 · 원룸 · 침대 1개 · 욕실 1개
3492603,https://www.airbnb.com/rooms/3492603,최대 인원 2명 · 원룸 · 침대 1개 · 욕실 1개
3501265,https://www.airbnb.com/rooms/3501265,최대 인원 2명 · 원룸 · 침대 1개 · 욕실 1개
3589382,https://www.airbnb.com/rooms/3589382,최대 인원 2명 · 원룸 · 침대 1개 · 욕실 1개
3510238,https://www.airbnb.com/rooms/3510238,퀸사이즈 침대 1개 · 전용 욕실
3606655,https://www.airbnb.com/rooms/3606655,최대 인원 2명 · 원룸 · 침대 1개 · 욕실 1개
3519475,https://www.airbnb.com/rooms/3519475,퀸사이즈 침대 1개 · 전용 욕실
3621432,https://www.airbnb.com/rooms/3621432,최대 인원 2명 · 원룸 · 침대 1개 · 욕실 1개
3773807,https://www.airbnb.com/rooms/3773807,최대 인원 2명 · 원룸 · 침대 1개 · 욕실 1개
3774949,https://www.airbnb.com/rooms/3774949,침대 1개 · 공용 욕실
3628389,https://www.airbnb.com/rooms/3628389,최대 인원 3명 · 원룸 · 침대 1개 · 욕실 1개
3780399,https://www.airbnb.com/rooms/3780399,최대 인원 2명 · 침대 1개 · 욕실 1개
3719263,https://www.airbnb.com/rooms/3719263,최대 인원 2명 · 원룸 · 침대 1개 · 욕실 1개
3641006,https://www.airbnb.com/rooms/3641006,최대 인원 2명 · 원룸 · 침대 1개 · 욕실 1개
3641494,https://www.airbnb.com/rooms/3641494,침실 1개 · 공용 욕실
3641648,https://www.airbnb.com/rooms/3641648,최대 인원 2명 · 원룸 · 침대 1개 · 욕실 1개
3650028,https://www.airbnb.com/rooms/3650028,침대 1개 · 공용 욕실
3725182,https://www.airbnb.com/rooms/3725182,침대 1개 · 공용 욕실
3725820,https://www.airbnb.com/rooms/3725820,최대 인원 2명 · 원룸 · 침대 1개 · 욕실 1개
3730928,https://www.airbnb.com/rooms/3730928,침대 1개 · 공용 욕실
3650922,https://www.airbnb.com/rooms/3650922,최대 인원 3명 · 원룸 · 침대 1개 · 욕실 1개
3738491,https://www.airbnb.com/rooms/3738491,더블 침대 1개 · 공용 욕실
3739951,https://www.airbnb.com/rooms/3739951,더블 침대 1개 · 공용 욕실
3663186,https://www.airbnb.com/rooms/3663186,더블 침대 1개 · 침실에 딸린 전용 욕실
3745170,https://www.airbnb.com/rooms/3745170,최대 인원 2명 · 원룸 · 침대 1개 · 욕실 1개
3663785,https://www.airbnb.com/rooms/3663785,최대 인원 2명 · 원룸 · 침대 1개 · 욕실 1개
3665855,https://www.airbnb.com/rooms/3665855,최대 인원 2명 · 원룸 · 침대 1개 · 욕실 1개
3816823,https://www.airbnb.com/rooms/3816823,침대 1개 · 공용 욕실
3666224,https://www.airbnb.com/rooms/3666224,침대 1개 · 공용 욕실
3671461,https://www.airbnb.com/rooms/3671461,최대 인원 2명 · 원룸 · 침대 1개 · 욕실 1개
3759657,https://www.airbnb.com/rooms/3759657,침대 1개 · 공용 욕실
3760650,https://www.airbnb.com/rooms/3760650,최대 인원 3명 · 원룸 · 침대 2개 · 욕실 1개
3761858,https://www.airbnb.com/rooms/3761858,최대 인원 2명 · 원룸 · 침대 1개 · 욕실 1개
3831857,https://www.airbnb.com/rooms/3831857,더블 침대 1개 · 공용 욕실
3762751,https://www.airbnb.com/rooms/3762751,N/A
3934979,https://www.airbnb.com/rooms/3934979,최대 인원 2명 · 원룸 · 침대 1개 · 욕실 1개
3861078,https://www.airbnb.com/rooms/3861078,최대 인원 1명 · 원룸 · 침대 1개 · 욕실 1개
3867776,https://www.airbnb.com/rooms/3867776,최대 인원 3명 · 원룸 · 침대 2개 · 욕실 1개
3968361,https://www.airbnb.com/rooms/3968361,최대 인원 2명 · 원룸 · 침대 2개 · 욕실 1개
3880154,https://www.airbnb.com/rooms/3880154,침대 1개 · 공용 욕실
4101814,https://www.airbnb.com/rooms/4101814,침대 1개 · 공용 욕실
3982190,https://www.airbnb.com/rooms/3982190,침대 1개 · 공용 욕실
4108463,https://www.airbnb.com/rooms/4108463,최대 인원 2명 · 원룸 · 침대 1개 · 욕실 1개
4110641,https://www.airbnb.com/rooms/4110641,N/A
3989931,https://www.airbnb.com/rooms/3989931,소파 베드 1개 · 공용 욕실
3995560,https://www.airbnb.com/rooms/3995560,더블 침대 1개 · 공용 욕실
4117442,https://www.airbnb.com/rooms/4117442,퀸사이즈 침대 1개 · 공용 욕실
4213231,https://www.airbnb.com/rooms/4213231,최대 인원 2명 · 원룸 · 침대 2개 · 욕실 1개
4128676,https://www.airbnb.com/rooms/4128676,최대 인원 2명 · 원룸 · 침대 1개 · 욕실 1개
4137154,https://www.airbnb.com/rooms/4137154,최대 인원 2명 · 원룸 · 침대 1개 · 욕실 1개
4011807,https://www.airbnb.com/rooms/4011807,최대 인원 3명 · 원룸 · 침대 2개 · 욕실 1개
4145974,https://www.airbnb.com/rooms/4145974,싱글 침대 1개 · 공용 욕실
4222243,https://www.airbnb.com/rooms/4222243,더블 침대 1개 · 공용 욕실
4225723,https://www.airbnb.com/rooms/4225723,최대 인원 4명 · 원룸 · 침대 1개 · 욕실 1개
4237859,https://www.airbnb.com/rooms/4237859,N/A
4035620,https://www.airbnb.com/rooms/4035620,최대 인원 2명 · 원룸 · 침대 1개 · 욕실 1개
4037243,https://www.airbnb.com/rooms/4037243,최대 인원 2명 · 원룸 · 침대 1개 · 욕실 1개
4250873,https://www.airbnb.com/rooms/4250873,최대 인원 2명 · 원룸 · 침대 1개 · 욕실 1개
4043383,https://www.airbnb.com/rooms/4043383,침대 3개 · 공용 욕실
4160882,https://www.airbnb.com/rooms/4160882,N/A
4045919,https://www.airbnb.com/rooms/4045919,최대 인원 2명 · 원룸 · 욕실 1개
4181043,https://www.airbnb.com/rooms/4181043,최대 인원 2명 · 원룸 · 침대 1개 · 욕실 1개
4266381,https://www.airbnb.com/rooms/4266381,최대 인원 2명 · 원룸 · 침대 2개 · 욕실 1개
4062561,https://www.airbnb.com/rooms/4062561,최대 인원 2명 · 원룸 · 침대 2개 · 욕실 1개
4198077,https://www.airbnb.com/rooms/4198077,침대 1개 · 공용 욕실
4323958,https://www.airbnb.com/rooms/4323958,최대 인원 2명 · 원룸 · 침대 1개 · 욕실 1개
4451287,https://www.airbnb.com/rooms/4451287,침대 1개 · 공용 욕실
4291515,https://www.airbnb.com/rooms/4291515,침대 1개 · 공용 욕실
4333496,https://www.airbnb.com/rooms/4333496,최대 인원 4명 · 원룸 · 침대 2개 · 욕실 1개
4336193,https://www.airbnb.com/rooms/4336193,최대 인원 2명 · 원룸 · 침대 1개 · 욕실 1개
4301554,https://www.airbnb.com/rooms/4301554,최대 인원 2명 · 원룸 · 침대 1개 · 욕실 1개
4303741,https://www.airbnb.com/rooms/4303741,최대 인원 1명 · 원룸 · 침대 1개 · 욕실 1개
4353400,https://www.airbnb.com/rooms/4353400,최대 인원 2명 · 원룸 · 침대 2개 · 욕실 1개
4353449,https://www.airbnb.com/rooms/4353449,N/A
4311019,https://www.airbnb.com/rooms/4311019,퀸사이즈 침대 1개 · 공용 욕실
4318901,https://www.airbnb.com/rooms/4318901,더블 침대 1개 · 공용 욕실
4370310,https://www.airbnb.com/rooms/4370310,최대 인원 2명 · 원룸 · 침대 1개 · 욕실 1개
4489396,https://www.airbnb.com/rooms/4489396,N/A
4496293,https://www.airbnb.com/rooms/4496293,더블 침대 1개 · 공용 욕실
4394351,https://www.airbnb.com/rooms/4394351,침대 1개 · 공용 욕실
4394652,https://www.airbnb.com/rooms/4394652,침대 1개 · 공용 욕실
4399282,https://www.airbnb.com/rooms/4399282,최대 인원 2명 · 원룸 · 침대 1개 · 욕실 1개
4505046,https://www.airbnb.com/rooms/4505046,최대 인원 2명 · 원룸 · 침대 2개 · 욕실 1개
4505591,https://www.airbnb.com/rooms/4505591,침대 1개 · 공용 욕실
4548102,https://www.airbnb.com/rooms/4548102,침대 3개 · 공용 욕실
4511385,https://www.airbnb.com/rooms/4511385,침대 1개 · 공용 욕실
4515628,https://www.airbnb.com/rooms/4515628,최대 인원 2명 · 원룸 · 침대 1개 · 욕실 1개
4555939,https://www.airbnb.com/rooms/4555939,침대 1개 · 공용 욕실
4561244,https://www.airbnb.com/rooms/4561244,침대 1개 · 공용 화장실
4426530,https://www.airbnb.com/rooms/4426530,최대 인원 1명 · 원룸 · 침대 1개 · 욕실 1개
4529397,https://www.airbnb.com/rooms/4529397,최대 인원 2명 · 원룸 · 침대 1개 · 욕실 1개
4563051,https://www.airbnb.com/rooms/4563051,침대 1개 · 공용 욕실
4574708,https://www.airbnb.com/rooms/4574708,퀸사이즈 침대 1개 · 공용 욕실
4651137,https://www.airbnb.com/rooms/4651137,최대 인원 2명 · 원룸 · 침대 2개 · 욕실 1개
4726484,https://www.airbnb.com/rooms/4726484,침대 1개 · 공용 욕실
4586813,https://www.airbnb.com/rooms/4586813,최대 인원 2명 · 원룸 · 침대 1개 · 욕실 1개
4592124,https://www.airbnb.com/rooms/4592124,최대 인원 2명 · 원룸 · 침대 1개 · 욕실 1개
4660576,https://www.airbnb.com/rooms/4660576,최대 인원 2명 · 원룸 · 침대 1개 · 욕실 1개
4747213,https://www.airbnb.com/rooms/4747213,최대 인원 2명 · 원룸 · 침대 1개 · 욕실 1.5개
4602121,https://www.airbnb.com/rooms/4602121,최대 인원 2명 · 원룸 · 침대 1개 · 욕실 1개
4602763,https://www.airbnb.com/rooms/4602763,최대 인원 6명 · 원룸 · 침대 4개 · 욕실 1개
4755664,https://www.airbnb.com/rooms/4755664,더블 침대 1개 · 공용 욕실
4756532,https://www.airbnb.com/rooms/4756532,최대 인원 2명 · 원룸 · 침대 1개 · 욕실 1개
4683522,https://www.airbnb.com/rooms/4683522,침대 1개 · 공용 욕실
4765794,https://www.airbnb.com/rooms/4765794,최대 인원 1명 · 원룸 · 침대 1개 · 욕실 1개
4696137,https://www.airbnb.com/rooms/4696137,최대 인원 2명 · 원룸 · 침대 1개 · 욕실 1개
4771570,https://www.airbnb.com/rooms/4771570,최대 인원 2명 · 원룸 · 침대 1개 · 욕실 1개
4641425,https://www.airbnb.com/rooms/4641425,최대 인원 4명 · 원룸 · 침대 2개 · 욕실 1개
4789503,https://www.airbnb.com/rooms/4789503,침대 3개 · 공용 욕실
4714344,https://www.airbnb.com/rooms/4714344,최대 인원 2명 · 원룸 · 침대 1개 · 욕실 1개
4716758,https://www.airbnb.com/rooms/4716758,최대 인원 2명 · 원룸 · 침대 1개 · 욕실 1개
4825987,https://www.airbnb.com/rooms/4825987,최대 인원 2명 · 원룸 · 침대 1개 · 욕실 1개
4802772,https://www.airbnb.com/rooms/4802772,침대 1개 · 공용 욕실
4902316,https://www.airbnb.com/rooms/4902316,이층 침대 1개 · 공용 욕실
4907084,https://www.airbnb.com/rooms/4907084,침대 1개 · 공용 욕실
4911000,https://www.airbnb.com/rooms/4911000,최대 인원 2명 · 원룸 · 침대 1개 · 욕실 1개
5056762,https://www.airbnb.com/rooms/5056762,최대 인원 2명 · 원룸 · 침대 1개 · 욕실 1개
4845696,https://www.airbnb.com/rooms/4845696,최대 인원 2명 · 원룸 · 침대 1개 · 욕실 1개
4921093,https://www.airbnb.com/rooms/4921093,최대 인원 2명 · 원룸 · 침대 1개 · 욕실 1개
4850946,https://www.airbnb.com/rooms/4850946,최대 인원 2명 · 원룸 · 침대 2개 · 욕실 1개
5081205,https://www.airbnb.com/rooms/5081205,N/A
4934481,https://www.airbnb.com/rooms/4934481,더블 침대 1개 · 공용 욕실
4853604,https://www.airbnb.com/rooms/4853604,최대 인원 4명 · 원룸 · 욕실 1개
4863414,https://www.airbnb.com/rooms/4863414,더블 침대 1개 · 공용 욕실
4961777,https://www.airbnb.com/rooms/4961777,최대 인원 2명 · 원룸 · 침대 1개 · 욕실 1개
4873465,https://www.airbnb.com/rooms/4873465,최대 인원 2명 · 원룸 · 침대 1개 · 욕실 1개
4876381,https://www.airbnb.com/rooms/4876381,침대 1개 · 욕실 없음
5112153,https://www.airbnb.com/rooms/5112153,최대 인원 2명 · 원룸 · 침대 2개 · 욕실 1개
5114040,https://www.airbnb.com/rooms/5114040,침대 1개 · 공용 화장실
5119909,https://www.airbnb.com/rooms/5119909,최대 인원 2명 · 원룸 · 침대 1개 · 욕실 1개
4883566,https://www.airbnb.com/rooms/4883566,침대 1개 · 공용 욕실
4973111,https://www.airbnb.com/rooms/4973111,최대 인원 2명 · 침실 1개 · 침대 1개 · 공동 사용 욕실 1개
4888967,https://www.airbnb.com/rooms/4888967,N/A
5135645,https://www.airbnb.com/rooms/5135645,더블 침대 1개 · 공용 욕실
5161742,https://www.airbnb.com/rooms/5161742,침대 1개 · 공용 욕실
5020309,https://www.airbnb.com/rooms/5020309,최대 인원 2명 · 원룸 · 침대 1개 · 욕실 1개
5169366,https://www.airbnb.com/rooms/5169366,침대 1개 · 공용 욕실
5211144,https://www.airbnb.com/rooms/5211144,최대 인원 3명 · 원룸 · 침대 1개 · 욕실 1개
5181062,https://www.airbnb.com/rooms/5181062,최대 인원 2명 · 원룸 · 침대 1개 · 욕실 1개
5422479,https://www.airbnb.com/rooms/5422479,최대 인원 3명 · 원룸 · 침대 2개 · 욕실 1개
5221164,https://www.airbnb.com/rooms/5221164,최대 인원 2명 · 원룸 · 침대 1개 · 욕실 1개
5318507,https://www.airbnb.com/rooms/5318507,최대 인원 2명 · 원룸 · 침대 1개 · 욕실 1개
5323779,https://www.airbnb.com/rooms/5323779,침대 1개 · 공용 욕실
5245367,https://www.airbnb.com/rooms/5245367,더블 침대 1개 · 공용 욕실
5246437,https://www.airbnb.com/rooms/5246437,N/A
5445785,https://www.airbnb.com/rooms/5445785,최대 인원 2명 · 원룸 · 침대 1개 · 욕실 1개
5256302,https://www.airbnb.com/rooms/5256302,침대 1개 · 공용 욕실
5473135,https://www.airbnb.com/rooms/5473135,최대 인원 3명 · 원룸 · 욕실 1개
5265903,https://www.airbnb.com/rooms/5265903,최대 인원 2명 · 원룸 · 침대 2개 · 욕실 1개
5266834,https://www.airbnb.com/rooms/5266834,최대 인원 3명 · 원룸 · 침대 1개 · 욕실 1개
5268111,https://www.airbnb.com/rooms/5268111,최대 인원 2명 · 원룸 · 침대 1개 · 욕실 1개
5361073,https://www.airbnb.com/rooms/5361073,최대 인원 2명 · 원룸 · 침대 1개 · 욕실 1개
5275583,https://www.airbnb.com/rooms/5275583,N/A
5361689,https://www.airbnb.com/rooms/5361689,최대 인원 2명 · 원룸 · 침대 1개 · 욕실 1개
5365988,https://www.airbnb.com/rooms/5365988,더블 침대 1개 · 공용 욕실
5277201,https://www.airbnb.com/rooms/5277201,최대 인원 2명 · 원룸 · 침대 1개 · 욕실 1개
5281891,https://www.airbnb.com/rooms/5281891,퀸사이즈 침대 1개 · 공용 욕실
5373624,https://www.airbnb.com/rooms/5373624,최대 인원 2명 · 원룸 · 침대 1개 · 욕실 1개
5513632,https://www.airbnb.com/rooms/5513632,침대 1개 · 공용 욕실
5302572,https://www.airbnb.com/rooms/5302572,최대 인원 3명 · 원룸 · 침대 2개 · 욕실 1개
5408527,https://www.airbnb.com/rooms/5408527,더블 침대 1개 · 공용 욕실
5409060,https://www.airbnb.com/rooms/5409060,침대 1개 · 공용 욕실
5528417,https://www.airbnb.com/rooms/5528417,N/A
5531880,https://www.airbnb.com/rooms/5531880,침대 1개 · 공용 욕실
5419168,https://www.airbnb.com/rooms/5419168,침대 1개 · 공용 욕실
5588655,https://www.airbnb.com/rooms/5588655,침대 1개 · 공용 화장실
5702173,https://www.airbnb.com/rooms/5702173,최대 인원 2명 · 원룸 · 침대 1개 · 욕실 1개
5705203,https://www.airbnb.com/rooms/5705203,더블 침대 1개 · 공용 욕실
5705271,https://www.airbnb.com/rooms/5705271,최대 인원 2명 · 원룸 · 침대 1개 · 욕실 1개
5598811,https://www.airbnb.com/rooms/5598811,최대 인원 2명 · 원룸 · 침대 1개 · 욕실 1개
5714446,https://www.airbnb.com/rooms/5714446,최대 인원 2명 · 원룸 · 침대 1개 · 욕실 1개
5716007,https://www.airbnb.com/rooms/5716007,최대 인원 2명 · 원룸 · 침대 1개 · 욕실 1개
5811788,https://www.airbnb.com/rooms/5811788,최대 인원 2명 · 원룸 · 침대 1개 · 욕실 1개
5741733,https://www.airbnb.com/rooms/5741733,침실 1개 · 공용 욕실
5626283,https://www.airbnb.com/rooms/5626283,더블 침대 1개 · 전용 욕실
5744006,https://www.airbnb.com/rooms/5744006,침대 1개 · 공용 욕실
5822855,https://www.airbnb.com/rooms/5822855,더블 침대 1개 · 공용 욕실
5635132,https://www.airbnb.com/rooms/5635132,퀸사이즈 침대 1개 · 공용 욕실
5833404,https://www.airbnb.com/rooms/5833404,침대 1개 · 공용 욕실
5748006,https://www.airbnb.com/rooms/5748006,최대 인원 2명 · 원룸 · 침대 1개 · 욕실 1개
5836199,https://www.airbnb.com/rooms/5836199,최대 인원 2명 · 원룸 · 침대 1개 · 욕실 1개
5751947,https://www.airbnb.com/rooms/5751947,더블 침대 1개 · 공용 욕실
5754776,https://www.airbnb.com/rooms/5754776,더블 침대 1개 · 공용 욕실
5654394,https://www.airbnb.com/rooms/5654394,퀸사이즈 침대 1개 · 공용 욕실
5849148,https://www.airbnb.com/rooms/5849148,최대 인원 3명 · 원룸 · 침대 2개 · 욕실 1개
5655765,https://www.airbnb.com/rooms/5655765,최대 인원 2명 · 원룸 · 침대 2개 · 욕실 1개
5663399,https://www.airbnb.com/rooms/5663399,최대 인원 2명 · 원룸 · 욕실 1개
5665018,https://www.airbnb.com/rooms/5665018,최대 인원 2명 · 원룸 · 침대 1개 · 욕실 1개
5667597,https://www.airbnb.com/rooms/5667597,최대 인원 2명 · 원룸 · 침대 1개 · 욕실 1개
5860876,https://www.airbnb.com/rooms/5860876,퀸사이즈 침대 1개 · 공용 욕실
5861409,https://www.airbnb.com/rooms/5861409,최대 인원 3명 · 원룸 · 침대 2개 · 욕실 1개
5670681,https://www.airbnb.com/rooms/5670681,침대 1개 · 공용 욕실
5885778,https://www.airbnb.com/rooms/5885778,더블 침대 1개 · 전용 욕실
5799656,https://www.airbnb.com/rooms/5799656,더블 침대 1개 · 공용 욕실
6021166,https://www.airbnb.com/rooms/6021166,최대 인원 2명 · 원룸 · 침대 2개 · 욕실 1개
5910736,https://www.airbnb.com/rooms/5910736,최대 인원 3명 · 원룸 · 침대 2개 · 욕실 1개
5931124,https://www.airbnb.com/rooms/5931124,침대 1개 · 공용 욕실
5914555,https://www.airbnb.com/rooms/5914555,침대 4개 · 공용 욕실
6024170,https://www.airbnb.com/rooms/6024170,최대 인원 2명 · 원룸 · 침대 1개 · 욕실 1개
5936594,https://www.airbnb.com/rooms/5936594,최대 인원 2명 · 원룸 · 침대 1개 · 욕실 1개
5940988,https://www.airbnb.com/rooms/5940988,최대 인원 2명 · 원룸 · 침대 2개 · 욕실 1개
6025846,https://www.airbnb.com/rooms/6025846,최대 인원 2명 · 원룸 · 침대 1개 · 욕실 1개
5944849,https://www.airbnb.com/rooms/5944849,최대 인원 3명 · 원룸 · 욕실 1개
6125128,https://www.airbnb.com/rooms/6125128,최대 인원 2명 · 원룸 · 침대 1개 · 욕실 1개
5955566,https://www.airbnb.com/rooms/5955566,최대 인원 2명 · 원룸 · 침대 1개 · 욕실 1개
6125131,https://www.airbnb.com/rooms/6125131,최대 인원 2명 · 원룸 · 침대 1개 · 욕실 1개
6129546,https://www.airbnb.com/rooms/6129546,최대 인원 2명 · 원룸 · 침대 1개 · 욕실 1개
6130222,https://www.airbnb.com/rooms/6130222,더블 침대 1개 · 공용 욕실
6136980,https://www.airbnb.com/rooms/6136980,최대 인원 2명 · 원룸 · 침대 1개 · 욕실 1개
6042201,https://www.airbnb.com/rooms/6042201,N/A
5971214,https://www.airbnb.com/rooms/5971214,최대 인원 2명 · 원룸 · 침대 1개 · 욕실 1개
6140617,https://www.airbnb.com/rooms/6140617,최대 인원 2명 · 원룸 · 침대 1개 · 욕실 1개
6144023,https://www.airbnb.com/rooms/6144023,최대 인원 2명 · 원룸 · 침대 1개 · 욕실 1개
5973970,https://www.airbnb.com/rooms/5973970,N/A
6149651,https://www.airbnb.com/rooms/6149651,더블 침대 1개 · 침실에 딸린 전용 욕실
6151338,https://www.airbnb.com/rooms/6151338,침대 1개 · 공용 욕실
6054218,https://www.airbnb.com/rooms/6054218,최대 인원 2명 · 원룸 · 침대 1개 · 욕실 1개
6160241,https://www.airbnb.com/rooms/6160241,최대 인원 1명 · 원룸 · 침대 1개 · 욕실 1개
6161746,https://www.airbnb.com/rooms/6161746,최대 인원 2명 · 원룸 · 침대 1개 · 욕실 1개
6061408,https://www.airbnb.com/rooms/6061408,최대 인원 2명 · 원룸 · 욕실 1개
6163997,https://www.airbnb.com/rooms/6163997,침대 1개 · 공용 욕실
5986903,https://www.airbnb.com/rooms/5986903,최대 인원 2명 · 원룸 · 침대 1개 · 욕실 1개
6068124,https://www.airbnb.com/rooms/6068124,침대 1개 · 공용 욕실
5989192,https://www.airbnb.com/rooms/5989192,침대 1개 · 공용 욕실
6167768,https://www.airbnb.com/rooms/6167768,침대 1개 · 공용 욕실
5994213,https://www.airbnb.com/rooms/5994213,최대 인원 2명 · 원룸 · 침대 1개 · 욕실 1개
6173973,https://www.airbnb.com/rooms/6173973,침대 1개 · 공용 욕실
6075875,https://www.airbnb.com/rooms/6075875,침대 1개 · 공용 욕실
6176897,https://www.airbnb.com/rooms/6176897,더블 침대 1개 · 전용 욕실
6178660,https://www.airbnb.com/rooms/6178660,N/A
6184784,https://www.airbnb.com/rooms/6184784,침대 1개 · 공용 욕실
6196999,https://www.airbnb.com/rooms/6196999,침대 1개 · 공용 욕실
6014323,https://www.airbnb.com/rooms/6014323,최대 인원 2명 · 원룸 · 침대 1개 · 욕실 1개
6203796,https://www.airbnb.com/rooms/6203796,침대 1개 · 공용 욕실
6110929,https://www.airbnb.com/rooms/6110929,침대 1개 · 공용 욕실
6112611,https://www.airbnb.com/rooms/6112611,최대 인원 2명 · 원룸 · 침대 1개 · 욕실 1개
6219838,https://www.airbnb.com/rooms/6219838,더블 침대 1개 · 공용 욕실
6295110,https://www.airbnb.com/rooms/6295110,침대 1개 · 공용 욕실
6241912,https://www.airbnb.com/rooms/6241912,최대 인원 2명 · 원룸 · 침대 1개 · 욕실 1개
6385021,https://www.airbnb.com/rooms/6385021,최대 인원 2명 · 원룸 · 침대 1개 · 욕실 1개
6242171,https://www.airbnb.com/rooms/6242171,최대 인원 2명 · 원룸 · 침대 1개 · 욕실 1개
6389241,https://www.airbnb.com/rooms/6389241,최대 인원 2명 · 원룸 · 침대 1개 · 욕실 1개
6330946,https://www.airbnb.com/rooms/6330946,N/A
6393243,https://www.airbnb.com/rooms/6393243,최대 인원 2명 · 원룸 · 침대 1개 · 욕실 1개
6335052,https://www.airbnb.com/rooms/6335052,최대 인원 2명 · 원룸 · 침대 1개 · 욕실 1개
6395939,https://www.airbnb.com/rooms/6395939,최대 인원 2명 · 원룸 · 침대 1개 · 욕실 1개
6265263,https://www.airbnb.com/rooms/6265263,침대 1개 · 공용 욕실
6399108,https://www.airbnb.com/rooms/6399108,침대 1개 · 공용 욕실
6401625,https://www.airbnb.com/rooms/6401625,침대 1개 · 공용 욕실
6344392,https://www.airbnb.com/rooms/6344392,침대 1개 · 공용 욕실
6275557,https://www.airbnb.com/rooms/6275557,침대 1개 · 공용 욕실
6352006,https://www.airbnb.com/rooms/6352006,최대 인원 2명 · 원룸 · 침대 1개 · 욕실 1개
6359361,https://www.airbnb.com/rooms/6359361,최대 인원 2명 · 원룸 · 침대 1개 · 욕실 1개
6450218,https://www.airbnb.com/rooms/6450218,최대 인원 2명 · 원룸 · 침대 1개 · 욕실 1개
6429128,https://www.airbnb.com/rooms/6429128,최대 인원 2명 · 원룸 · 침대 1개 · 욕실 1개
6519576,https://www.airbnb.com/rooms/6519576,최대 인원 2명 · 원룸 · 침대 1개 · 욕실 1개
6454946,https://www.airbnb.com/rooms/6454946,최대 인원 2명 · 원룸 · 침대 2개 · 욕실 1개
6521743,https://www.airbnb.com/rooms/6521743,최대 인원 2명 · 원룸 · 침대 1개 · 욕실 1개
6461904,https://www.airbnb.com/rooms/6461904,최대 인원 2명 · 원룸 · 침대 1개 · 욕실 1개
6540654,https://www.airbnb.com/rooms/6540654,침대 1개 · 공용 욕실
6541396,https://www.airbnb.com/rooms/6541396,최대 인원 2명 · 원룸 · 침대 1개 · 욕실 1개
6446470,https://www.airbnb.com/rooms/6446470,최대 인원 2명 · 원룸 · 침대 1개 · 욕실 1개
6475473,https://www.airbnb.com/rooms/6475473,침대 2개 · 공용 욕실
6607778,https://www.airbnb.com/rooms/6607778,침대 1개 · 공용 욕실
6478919,https://www.airbnb.com/rooms/6478919,최대 인원 2명 · 원룸 · 침대 1개 · 욕실 1개
6608556,https://www.airbnb.com/rooms/6608556,최대 인원 2명 · 원룸 · 침대 1개 · 욕실 1개
6610841,https://www.airbnb.com/rooms/6610841,침대 1개 · 공용 욕실
6553300,https://www.airbnb.com/rooms/6553300,최대 인원 2명 · 원룸 · 침대 1개 · 욕실 1개
6555242,https://www.airbnb.com/rooms/6555242,최대 인원 2명 · 원룸 · 침대 1개 · 욕실 1개
6557032,https://www.airbnb.com/rooms/6557032,최대 인원 2명 · 원룸 · 침대 1개 · 욕실 1개
6572584,https://www.airbnb.com/rooms/6572584,침대 1개 · 공용 욕실
6622006,https://www.airbnb.com/rooms/6622006,최대 인원 2명 · 원룸 · 침대 1개 · 욕실 1개
6499061,https://www.airbnb.com/rooms/6499061,최대 인원 3명 · 원룸 · 침대 2개 · 욕실 1개
6625674,https://www.airbnb.com/rooms/6625674,최대 인원 2명 · 원룸 · 침대 1개 · 욕실 1개
6631426,https://www.airbnb.com/rooms/6631426,최대 인원 2명 · 원룸 · 욕실 1개
6581357,https://www.airbnb.com/rooms/6581357,침대 2개 · 공용 욕실
6587764,https://www.airbnb.com/rooms/6587764,최대 인원 2명 · 원룸 · 침대 1개 · 욕실 1개
6589445,https://www.airbnb.com/rooms/6589445,침대 2개 · 공용 욕실
6592730,https://www.airbnb.com/rooms/6592730,최대 인원 2명 · 원룸 · 침대 1개 · 간이 욕실
6510944,https://www.airbnb.com/rooms/6510944,최대 인원 2명 · 원룸 · 침대 1개 · 욕실 1개
6512007,https://www.airbnb.com/rooms/6512007,침실 1개 · 공용 욕실
6597860,https://www.airbnb.com/rooms/6597860,최대 인원 2명 · 침실 1개 · 침대 1개 · 공동 사용 욕실 1개
6643563,https://www.airbnb.com/rooms/6643563,최대 인원 2명 · 원룸 · 침대 1개 · 욕실 1개
6647743,https://www.airbnb.com/rooms/6647743,최대 인원 2명 · 원룸 · 침대 1개 · 욕실 1개
6648373,https://www.airbnb.com/rooms/6648373,N/A
6672585,https://www.airbnb.com/rooms/6672585,N/A
6648426,https://www.airbnb.com/rooms/6648426,침대 1개 · 공용 화장실
6756233,https://www.airbnb.com/rooms/6756233,N/A
6684058,https://www.airbnb.com/rooms/6684058,침대 1개 · 공용 욕실
6757562,https://www.airbnb.com/rooms/6757562,N/A
6657948,https://www.airbnb.com/rooms/6657948,최대 인원 2명 · 원룸 · 침대 2개 · 욕실 0개
6689342,https://www.airbnb.com/rooms/6689342,최대 인원 2명 · 원룸 · 침대 1개 · 욕실 1개
6661327,https://www.airbnb.com/rooms/6661327,침대 1개 · 공용 욕실
6666236,https://www.airbnb.com/rooms/6666236,침대 1개 · 공용 욕실
6702752,https://www.airbnb.com/rooms/6702752,N/A
6668175,https://www.airbnb.com/rooms/6668175,최대 인원 2명 · 원룸 · 침대 1개 · 욕실 1개
6769203,https://www.airbnb.com/rooms/6769203,최대 인원 2명 · 원룸 · 침대 1개 · 욕실 1개
6668360,https://www.airbnb.com/rooms/6668360,최대 인원 2명 · 원룸 · 침대 1개 · 욕실 1개
6770909,https://www.airbnb.com/rooms/6770909,침대 2개 · 공용 욕실
6776854,https://www.airbnb.com/rooms/6776854,침대 1개 · 공용 욕실
6781722,https://www.airbnb.com/rooms/6781722,침대 1개 · 공용 욕실
6781989,https://www.airbnb.com/rooms/6781989,최대 인원 3명 · 원룸 · 침대 2개 · 욕실 1개
6719655,https://www.airbnb.com/rooms/6719655,N/A
6821644,https://www.airbnb.com/rooms/6821644,최대 인원 2명 · 원룸 · 침대 1개 · 욕실 1개
6721403,https://www.airbnb.com/rooms/6721403,N/A
6787143,https://www.airbnb.com/rooms/6787143,최대 인원 4명 · 원룸 · 침대 2개 · 욕실 1개
6827505,https://www.airbnb.com/rooms/6827505,최대 인원 1명 · 원룸 · 침대 1개 · 욕실 1개
6827952,https://www.airbnb.com/rooms/6827952,침대 1개 · 공용 욕실
6794431,https://www.airbnb.com/rooms/6794431,N/A
6738568,https://www.airbnb.com/rooms/6738568,최대 인원 2명 · 원룸 · 침대 1개 · 욕실 1개
6816054,https://www.airbnb.com/rooms/6816054,N/A
6816373,https://www.airbnb.com/rooms/6816373,침대 1개 · 공용 욕실
6816845,https://www.airbnb.com/rooms/6816845,N/A
6740914,https://www.airbnb.com/rooms/6740914,더블 침대 1개 · 공용 욕실
6817366,https://www.airbnb.com/rooms/6817366,침대 1개 · 공용 욕실
6817969,https://www.airbnb.com/rooms/6817969,최대 인원 1명 · 원룸 · 침대 1개 · 욕실 1개
6743645,https://www.airbnb.com/rooms/6743645,침대 1개 · 공용 욕실
6875097,https://www.airbnb.com/rooms/6875097,최대 인원 2명 · 원룸 · 침대 1개 · 욕실 1개
6840535,https://www.airbnb.com/rooms/6840535,침대 1개 · 공용 욕실
6880853,https://www.airbnb.com/rooms/6880853,침대 1개 · 공용 욕실
6880945,https://www.airbnb.com/rooms/6880945,최대 인원 2명 · 원룸 · 침대 1개 · 욕실 1개
6840964,https://www.airbnb.com/rooms/6840964,침대 1개 · 공용 욕실
6882798,https://www.airbnb.com/rooms/6882798,침대 1개 · 공용 욕실
6933036,https://www.airbnb.com/rooms/6933036,침대 2개 · 공용 욕실
6933832,https://www.airbnb.com/rooms/6933832,최대 인원 2명 · 원룸 · 침대 1개 · 욕실 1개
6884711,https://www.airbnb.com/rooms/6884711,싱글 침대 1개 · 공용 욕실
6934387,https://www.airbnb.com/rooms/6934387,침대 2개 · 공용 욕실
6891821,https://www.airbnb.com/rooms/6891821,N/A
6892494,https://www.airbnb.com/rooms/6892494,침대 1개 · 공용 욕실
6943115,https://www.airbnb.com/rooms/6943115,침대 1개 · 공용 욕실
6848237,https://www.airbnb.com/rooms/6848237,N/A
6894364,https://www.airbnb.com/rooms/6894364,침대 1개 · 공용 욕실
6895536,https://www.airbnb.com/rooms/6895536,침대 1개 · 공용 욕실
6945266,https://www.airbnb.com/rooms/6945266,침대 1개 · 공용 욕실
6948522,https://www.airbnb.com/rooms/6948522,침대 1개 · 공용 욕실
6948749,https://www.airbnb.com/rooms/6948749,침실 1개 · 공용 욕실
6949939,https://www.airbnb.com/rooms/6949939,최대 인원 2명 · 원룸 · 침대 1개 · 욕실 1개
6953808,https://www.airbnb.com/rooms/6953808,N/A
6955277,https://www.airbnb.com/rooms/6955277,침대 2개 · 침실에 딸린 전용 욕실
6956006,https://www.airbnb.com/rooms/6956006,침대 1개 · 공용 욕실
6871640,https://www.airbnb.com/rooms/6871640,침실 1개 · 공용 욕실
6985872,https://www.airbnb.com/rooms/6985872,최대 인원 2명 · 원룸 · 침대 1개 · 욕실 1개
6916304,https://www.airbnb.com/rooms/6916304,최대 인원 2명 · 원룸 · 침대 1개 · 욕실 1개
6916360,https://www.airbnb.com/rooms/6916360,최대 인원 3명 · 원룸 · 침대 2개 · 욕실 1개
6962267,https://www.airbnb.com/rooms/6962267,침대 1개 · 공용 욕실
6986942,https://www.airbnb.com/rooms/6986942,최대 인원 2명 · 원룸 · 침대 2개 · 욕실 1개
6918131,https://www.airbnb.com/rooms/6918131,최대 인원 2명 · 원룸 · 침대 2개 · 욕실 1개
6967533,https://www.airbnb.com/rooms/6967533,최대 인원 2명 · 원룸 · 침대 1개 · 욕실 1개
6990972,https://www.airbnb.com/rooms/6990972,최대 인원 2명 · 원룸 · 침대 1개 · 욕실 1개
6968529,https://www.airbnb.com/rooms/6968529,최대 인원 6명 · 원룸 · 침대 5개 · 욕실 1개
6920777,https://www.airbnb.com/rooms/6920777,최대 인원 2명 · 원룸 · 침대 1개 · 욕실 1개
6996546,https://www.airbnb.com/rooms/6996546,최대 인원 3명 · 원룸 · 침대 2개 · 욕실 1개
6998335,https://www.airbnb.com/rooms/6998335,최대 인원 2명 · 원룸 · 침대 1개 · 욕실 1개
6923146,https://www.airbnb.com/rooms/6923146,최대 인원 3명 · 원룸 · 침대 2개 · 간이 욕실
6980921,https://www.airbnb.com/rooms/6980921,침대 1개 · 공용 욕실
6930225,https://www.airbnb.com/rooms/6930225,침대 1개 · 공용 욕실
7004001,https://www.airbnb.com/rooms/7004001,침대 1개 · 공용 욕실
6982020,https://www.airbnb.com/rooms/6982020,침대 1개 · 공용 욕실
6931843,https://www.airbnb.com/rooms/6931843,최대 인원 1명 · 원룸 · 침대 1개 · 욕실 1개
6931868,https://www.airbnb.com/rooms/6931868,최대 인원 2명 · 원룸 · 침대 1개 · 욕실 1개
7008147,https://www.airbnb.com/rooms/7008147,최대 인원 2명 · 침실 1개 · 침대 1개 · 욕실 1개
7012759,https://www.airbnb.com/rooms/7012759,침대 1개 · 공용 욕실
7014698,https://www.airbnb.com/rooms/7014698,최대 인원 2명 · 원룸 · 침대 1개 · 욕실 1개
7091153,https://www.airbnb.com/rooms/7091153,침대 1개 · 공용 욕실
7096403,https://www.airbnb.com/rooms/7096403,킹사이즈 침대 1개 · 공용 욕실
7018059,https://www.airbnb.com/rooms/7018059,최대 인원 2명 · 원룸 · 침대 1개 · 욕실 1개
7099638,https://www.airbnb.com/rooms/7099638,최대 인원 2명 · 원룸 · 침대 1개 · 욕실 1개
7099806,https://www.airbnb.com/rooms/7099806,더블 침대 1개 · 공용 욕실
7059171,https://www.airbnb.com/rooms/7059171,침대 1개 · 공용 욕실
7022375,https://www.airbnb.com/rooms/7022375,최대 인원 2명 · 원룸 · 침대 1개 · 욕실 1개
7102914,https://www.airbnb.com/rooms/7102914,최대 인원 1명 · 원룸 · 침대 1개 · 욕실 1개
7103437,https://www.airbnb.com/rooms/7103437,최대 인원 2명 · 원룸 · 침대 1개 · 욕실 1개
7032517,https://www.airbnb.com/rooms/7032517,최대 인원 2명 · 원룸 · 침대 1개 · 욕실 1개
7034994,https://www.airbnb.com/rooms/7034994,최대 인원 2명 · 원룸 · 침대 1개 · 욕실 1개
7111779,https://www.airbnb.com/rooms/7111779,더블 침대 1개 · 공용 욕실
7069368,https://www.airbnb.com/rooms/7069368,최대 인원 2명 · 원룸 · 침대 1개 · 욕실 1개
7069521,https://www.airbnb.com/rooms/7069521,더블 침대 1개 · 공용 화장실
7114055,https://www.airbnb.com/rooms/7114055,최대 인원 2명 · 원룸 · 침대 2개 · 욕실 1개
7045262,https://www.airbnb.com/rooms/7045262,최대 인원 2명 · 원룸 · 욕실 1개
7120055,https://www.airbnb.com/rooms/7120055,최대 인원 2명 · 원룸 · 침대 1개 · 욕실 1개
7046333,https://www.airbnb.com/rooms/7046333,최대 인원 2명 · 원룸 · 침대 1개 · 욕실 1개
7046499,https://www.airbnb.com/rooms/7046499,침대 1개 · 공용 욕실
7144446,https://www.airbnb.com/rooms/7144446,최대 인원 4명 · 원룸 · 침대 2개 · 욕실 1개
7122314,https://www.airbnb.com/rooms/7122314,최대 인원 2명 · 원룸 · 침대 1개 · 욕실 1개
7122557,https://www.airbnb.com/rooms/7122557,최대 인원 2명 · 원룸 · 침대 1개 · 욕실 1개
7123629,https://www.airbnb.com/rooms/7123629,침대 1개 · 공용 욕실
7145532,https://www.airbnb.com/rooms/7145532,N/A
7080235,https://www.airbnb.com/rooms/7080235,N/A
7129623,https://www.airbnb.com/rooms/7129623,최대 인원 2명 · 원룸 · 침대 1개 · 욕실 1개
7146328,https://www.airbnb.com/rooms/7146328,최대 인원 2명 · 원룸 · 침대 2개 · 욕실 1개
7129638,https://www.airbnb.com/rooms/7129638,침대 1개 · 공용 욕실
7146526,https://www.airbnb.com/rooms/7146526,침대 1개 · 공용 욕실
7149289,https://www.airbnb.com/rooms/7149289,침대 1개 · 공용 욕실
7133865,https://www.airbnb.com/rooms/7133865,더블 침대 1개 · 공용 욕실
7138216,https://www.airbnb.com/rooms/7138216,N/A
7087347,https://www.airbnb.com/rooms/7087347,N/A
7140820,https://www.airbnb.com/rooms/7140820,더블 침대 1개 · 공용 욕실
7089909,https://www.airbnb.com/rooms/7089909,침대 1개 · 공용 욕실
7191669,https://www.airbnb.com/rooms/7191669,더블 침대 1개 · 공용 욕실
7141972,https://www.airbnb.com/rooms/7141972,최대 인원 2명 · 원룸 · 침대 1개 · 욕실 1개
7154687,https://www.airbnb.com/rooms/7154687,최대 인원 2명 · 원룸 · 침대 1개 · 욕실 1개
7142287,https://www.airbnb.com/rooms/7142287,N/A
7241702,https://www.airbnb.com/rooms/7241702,최대 인원 2명 · 원룸 · 침대 1개 · 욕실 1개
7158161,https://www.airbnb.com/rooms/7158161,최대 인원 2명 · 원룸 · 침대 1개 · 욕실 1개
7243505,https://www.airbnb.com/rooms/7243505,침대 1개 · 공용 욕실
7243657,https://www.airbnb.com/rooms/7243657,최대 인원 2명 · 원룸 · 욕실 1개
7252714,https://www.airbnb.com/rooms/7252714,침대 2개 · 공용 욕실
7161670,https://www.airbnb.com/rooms/7161670,N/A
7253497,https://www.airbnb.com/rooms/7253497,최대 인원 2명 · 원룸 · 침대 1개 · 욕실 1개
7167211,https://www.airbnb.com/rooms/7167211,N/A
7254918,https://www.airbnb.com/rooms/7254918,침대 1개 · 공용 욕실
7203420,https://www.airbnb.com/rooms/7203420,최대 인원 2명 · 원룸 · 침대 1개 · 욕실 1개
7203551,https://www.airbnb.com/rooms/7203551,최대 인원 2명 · 원룸 · 침대 2개 · 욕실 1개
7257309,https://www.airbnb.com/rooms/7257309,최대 인원 2명 · 원룸 · 침대 1개 · 욕실 1개
7211467,https://www.airbnb.com/rooms/7211467,더블 침대 1개 · 공용 욕실
7214295,https://www.airbnb.com/rooms/7214295,최대 인원 2명 · 원룸 · 침대 1개 · 욕실 1개
7214324,https://www.airbnb.com/rooms/7214324,N/A
7263348,https://www.airbnb.com/rooms/7263348,N/A
7223630,https://www.airbnb.com/rooms/7223630,최대 인원 2명 · 침대 1개 · 욕실 1개
7282726,https://www.airbnb.com/rooms/7282726,최대 인원 2명 · 원룸 · 침대 1개 · 욕실 1개
7187399,https://www.airbnb.com/rooms/7187399,침대 1개 · 공용 욕실
7283217,https://www.airbnb.com/rooms/7283217,최대 인원 2명 · 원룸 · 침대 1개 · 욕실 1개
7301774,https://www.airbnb.com/rooms/7301774,최대 인원 2명 · 원룸 · 침대 1개 · 욕실 1개
7288666,https://www.airbnb.com/rooms/7288666,최대 인원 2명 · 원룸 · 침대 1개 · 욕실 1개
7305187,https://www.airbnb.com/rooms/7305187,침대 1개 · 공용 욕실
7294846,https://www.airbnb.com/rooms/7294846,침대 1개 · 공용 욕실
7297279,https://www.airbnb.com/rooms/7297279,N/A
7313826,https://www.airbnb.com/rooms/7313826,최대 인원 2명 · 원룸 · 침대 1개 · 욕실 1개
7363850,https://www.airbnb.com/rooms/7363850,침대 1개 · 공용 욕실
7315415,https://www.airbnb.com/rooms/7315415,퀸사이즈 침대 1개 · 공용 욕실
7298310,https://www.airbnb.com/rooms/7298310,침대 1개 · 공용 욕실
7299406,https://www.airbnb.com/rooms/7299406,침대 1개 · 공용 욕실
7364599,https://www.airbnb.com/rooms/7364599,침대 1개 · 공용 욕실
7315998,https://www.airbnb.com/rooms/7315998,침대 1개 · 공용 욕실
7300363,https://www.airbnb.com/rooms/7300363,침대 1개 · 공용 욕실
7316796,https://www.airbnb.com/rooms/7316796,최대 인원 2명 · 원룸 · 침대 1개 · 욕실 1개
7426949,https://www.airbnb.com/rooms/7426949,침대 1개 · 공용 욕실
7428521,https://www.airbnb.com/rooms/7428521,더블 침대 1개 · 공용 욕실
7323618,https://www.airbnb.com/rooms/7323618,최대 인원 3명 · 원룸 · 침대 2개 · 욕실 1.5개
7380825,https://www.airbnb.com/rooms/7380825,최대 인원 2명 · 원룸 · 침대 1개 · 욕실 1개
7431448,https://www.airbnb.com/rooms/7431448,최대 인원 2명 · 원룸 · 침대 2개 · 욕실 1개
7432154,https://www.airbnb.com/rooms/7432154,최대 인원 2명 · 원룸 · 침대 1개 · 간이 욕실
7385299,https://www.airbnb.com/rooms/7385299,침대 1개 · 공용 욕실
7387415,https://www.airbnb.com/rooms/7387415,최대 인원 2명 · 원룸 · 침대 1개 · 욕실 1개
7436512,https://www.airbnb.com/rooms/7436512,최대 인원 1명 · 원룸 · 침대 1개 · 욕실 1개
7439028,https://www.airbnb.com/rooms/7439028,침대 1개 · 공용 욕실
7338492,https://www.airbnb.com/rooms/7338492,최대 인원 2명 · 원룸 · 침대 1개 · 욕실 1개
7442357,https://www.airbnb.com/rooms/7442357,최대 인원 2명 · 원룸 · 침대 1개 · 욕실 1개
7394704,https://www.airbnb.com/rooms/7394704,N/A
7339672,https://www.airbnb.com/rooms/7339672,침대 1개 · 공용 욕실
7395414,https://www.airbnb.com/rooms/7395414,최대 인원 2명 · 원룸 · 침대 1개 · 욕실 1개
7342237,https://www.airbnb.com/rooms/7342237,침대 1개 · 공용 욕실
7397640,https://www.airbnb.com/rooms/7397640,최대 인원 4명 · 원룸 · 침대 2개 · 욕실 1개
7397873,https://www.airbnb.com/rooms/7397873,침대 1개 · 공용 욕실
7344190,https://www.airbnb.com/rooms/7344190,침대 1개 · 공용 욕실
7399119,https://www.airbnb.com/rooms/7399119,최대 인원 2명 · 원룸 · 침대 1개 · 욕실 1개
7450432,https://www.airbnb.com/rooms/7450432,최대 인원 2명 · 원룸 · 침대 1개 · 욕실 1개
7346113,https://www.airbnb.com/rooms/7346113,침대 1개 · 공용 욕실
7453865,https://www.airbnb.com/rooms/7453865,최대 인원 2명 · 원룸 · 침대 1개 · 욕실 1개
7458689,https://www.airbnb.com/rooms/7458689,N/A
7356322,https://www.airbnb.com/rooms/7356322,최대 인원 2명 · 원룸 · 침대 1개 · 욕실 1개
7356453,https://www.airbnb.com/rooms/7356453,더블 침대 1개 · 공용 욕실
7356522,https://www.airbnb.com/rooms/7356522,최대 인원 2명 · 원룸 · 침대 1개 · 욕실 1개
7357218,https://www.airbnb.com/rooms/7357218,최대 인원 2명 · 원룸 · 침대 1개 · 욕실 1개
7357881,https://www.airbnb.com/rooms/7357881,침대 1개 · 공용 욕실
7469034,https://www.airbnb.com/rooms/7469034,최대 인원 2명 · 원룸 · 침대 1개 · 욕실 1개
7469136,https://www.airbnb.com/rooms/7469136,N/A
7469743,https://www.airbnb.com/rooms/7469743,최대 인원 4명 · 원룸 · 침대 2개 · 욕실 1개
7359842,https://www.airbnb.com/rooms/7359842,최대 인원 2명 · 원룸 · 침대 1개 · 욕실 1개
7479525,https://www.airbnb.com/rooms/7479525,최대 인원 2명 · 원룸 · 침대 1개 · 욕실 1개
7471846,https://www.airbnb.com/rooms/7471846,침대 1개 · 공용 욕실
7480253,https://www.airbnb.com/rooms/7480253,최대 인원 3명 · 원룸 · 침대 2개 · 욕실 1개
7481451,https://www.airbnb.com/rooms/7481451,침대 1개 · 공용 욕실
7483070,https://www.airbnb.com/rooms/7483070,최대 인원 2명 · 원룸 · 침대 2개 · 욕실 1개
7476393,https://www.airbnb.com/rooms/7476393,더블 침대 1개 · 공용 욕실
7477196,https://www.airbnb.com/rooms/7477196,최대 인원 2명 · 원룸 · 침대 2개 · 욕실 1개
7553182,https://www.airbnb.com/rooms/7553182,최대 인원 2명 · 원룸 · 침대 1개 · 욕실 2개
7492304,https://www.airbnb.com/rooms/7492304,침대 1개 · 공용 욕실
7496007,https://www.airbnb.com/rooms/7496007,최대 인원 4명 · 원룸 · 침대 2개 · 욕실 1개
7499037,https://www.airbnb.com/rooms/7499037,N/A
7557436,https://www.airbnb.com/rooms/7557436,최대 인원 2명 · 원룸 · 침대 1개 · 욕실 1개
7503790,https://www.airbnb.com/rooms/7503790,침실 1개 · 공용 욕실
7503850,https://www.airbnb.com/rooms/7503850,N/A
7566240,https://www.airbnb.com/rooms/7566240,더블 침대 1개 · 공용 욕실
7505061,https://www.airbnb.com/rooms/7505061,최대 인원 2명 · 원룸 · 침대 1개 · 욕실 1개
7567699,https://www.airbnb.com/rooms/7567699,최대 인원 1명 · 원룸 · 침대 1개 · 욕실 1개
7505900,https://www.airbnb.com/rooms/7505900,침대 2개 · 공용 욕실
7647140,https://www.airbnb.com/rooms/7647140,최대 인원 3명 · 원룸 · 침대 2개 · 욕실 1개
7648752,https://www.airbnb.com/rooms/7648752,N/A
7509495,https://www.airbnb.com/rooms/7509495,최대 인원 2명 · 원룸 · 침대 1개 · 욕실 1개
7654543,https://www.airbnb.com/rooms/7654543,침대 1개 · 공용 욕실
7576194,https://www.airbnb.com/rooms/7576194,침대 1개 · 공용 욕실
7509536,https://www.airbnb.com/rooms/7509536,침대 1개 · 공용 욕실
7580294,https://www.airbnb.com/rooms/7580294,최대 인원 2명 · 원룸 · 침대 1개 · 욕실 1개
7657786,https://www.airbnb.com/rooms/7657786,최대 인원 2명 · 원룸 · 침대 1개 · 욕실 1개
7658579,https://www.airbnb.com/rooms/7658579,N/A
7581768,https://www.airbnb.com/rooms/7581768,N/A
7586953,https://www.airbnb.com/rooms/7586953,N/A
7519776,https://www.airbnb.com/rooms/7519776,침대 1개 · 공용 화장실
7520934,https://www.airbnb.com/rooms/7520934,최대 인원 1명 · 원룸 · 침대 1개 · 욕실 1개
7671542,https://www.airbnb.com/rooms/7671542,최대 인원 2명 · 원룸 · 침대 1개 · 욕실 1개
7524152,https://www.airbnb.com/rooms/7524152,침대 2개 · 공용 욕실
7672317,https://www.airbnb.com/rooms/7672317,침대 1개 · 공용 욕실
7673658,https://www.airbnb.com/rooms/7673658,최대 인원 2명 · 원룸 · 침대 1개 · 욕실 1개
7674220,https://www.airbnb.com/rooms/7674220,최대 인원 2명 · 원룸 · 침대 1개 · 욕실 1개
7675389,https://www.airbnb.com/rooms/7675389,최대 인원 2명 · 원룸 · 침대 1개 · 욕실 1개
7676273,https://www.airbnb.com/rooms/7676273,침대 1개 · 공용 욕실
7676359,https://www.airbnb.com/rooms/7676359,침대 1개 · 공용 욕실
7542995,https://www.airbnb.com/rooms/7542995,침대 1개 · 공용 욕실
7613575,https://www.airbnb.com/rooms/7613575,침대 1개 · 공용 욕실
7696319,https://www.airbnb.com/rooms/7696319,침대 1개 · 공용 욕실
7550275,https://www.airbnb.com/rooms/7550275,최대 인원 2명 · 원룸 · 침대 1개 · 욕실 1.5개
7697021,https://www.airbnb.com/rooms/7697021,더블 침대 1개 · 공용 욕실
7702983,https://www.airbnb.com/rooms/7702983,최대 인원 2명 · 원룸 · 침대 1개 · 욕실 1개
7930183,https://www.airbnb.com/rooms/7930183,최대 인원 3명 · 원룸 · 욕실 1개
7705097,https://www.airbnb.com/rooms/7705097,N/A
7705707,https://www.airbnb.com/rooms/7705707,최대 인원 2명 · 원룸 · 침대 1개 · 욕실 7개
7823244,https://www.airbnb.com/rooms/7823244,최대 인원 4명 · 원룸 · 침대 2개 · 욕실 1개
7948509,https://www.airbnb.com/rooms/7948509,최대 인원 2명 · 원룸 · 침대 1개 · 욕실 1개
7829447,https://www.airbnb.com/rooms/7829447,최대 인원 2명 · 원룸 · 침대 1개 · 욕실 1개
7834125,https://www.airbnb.com/rooms/7834125,침대 1개 · 공용 욕실
7840072,https://www.airbnb.com/rooms/7840072,N/A
7975599,https://www.airbnb.com/rooms/7975599,최대 인원 2명 · 원룸 · 침대 1개 · 욕실 1개
7984261,https://www.airbnb.com/rooms/7984261,최대 인원 2명 · 원룸 · 욕실 1개
8003165,https://www.airbnb.com/rooms/8003165,침대 1개 · 공용 욕실
7854890,https://www.airbnb.com/rooms/7854890,침대 1개 · 공용 욕실
7855469,https://www.airbnb.com/rooms/7855469,퀸사이즈 침대 1개 · 공용 욕실
7741164,https://www.airbnb.com/rooms/7741164,N/A
7861852,https://www.airbnb.com/rooms/7861852,N/A
7746928,https://www.airbnb.com/rooms/7746928,최대 인원 2명 · 원룸 · 침대 1개 · 간이 욕실
8014651,https://www.airbnb.com/rooms/8014651,최대 인원 2명 · 원룸 · 침대 1개 · 욕실 1개
8018557,https://www.airbnb.com/rooms/8018557,최대 인원 2명 · 원룸 · 침대 1개 · 욕실 1개
7753189,https://www.airbnb.com/rooms/7753189,최대 인원 2명 · 원룸 · 침대 1개 · 간이 욕실
7877891,https://www.airbnb.com/rooms/7877891,N/A
8025112,https://www.airbnb.com/rooms/8025112,최대 인원 2명 · 원룸 · 침대 1개 · 욕실 1개
7877938,https://www.airbnb.com/rooms/7877938,침대 2개 · 공용 욕실
7754106,https://www.airbnb.com/rooms/7754106,침대 1개 · 공용 욕실
8028733,https://www.airbnb.com/rooms/8028733,최대 인원 3명 · 원룸 · 침대 2개 · 욕실 1개
7757948,https://www.airbnb.com/rooms/7757948,최대 인원 2명 · 원룸 · 침대 1개 · 욕실 1개
7759828,https://www.airbnb.com/rooms/7759828,N/A
7890891,https://www.airbnb.com/rooms/7890891,최대 인원 2명 · 원룸 · 침대 1개 · 욕실 1개
7891167,https://www.airbnb.com/rooms/7891167,침대 1개 · 공용 욕실
7894066,https://www.airbnb.com/rooms/7894066,최대 인원 2명 · 원룸 · 침대 1개 · 욕실 1개
7778016,https://www.airbnb.com/rooms/7778016,침대 1개 · 공용 욕실
7896796,https://www.airbnb.com/rooms/7896796,최대 인원 2명 · 원룸 · 침대 2개 · 욕실 1개
8040947,https://www.airbnb.com/rooms/8040947,최대 인원 1명 · 침실 1개 · 침대 1개 · 욕실 1개
7896874,https://www.airbnb.com/rooms/7896874,최대 인원 2명 · 원룸 · 침대 1개 · 욕실 1개
7787269,https://www.airbnb.com/rooms/7787269,최대 인원 2명 · 원룸 · 침대 1개 · 욕실 1개
8048304,https://www.airbnb.com/rooms/8048304,최대 인원 2명 · 원룸 · 침대 1개 · 욕실 1개
7907011,https://www.airbnb.com/rooms/7907011,침대 1개 · 공용 욕실
7911566,https://www.airbnb.com/rooms/7911566,최대 인원 1명 · 원룸 · 침대 1개 · 욕실 1개
8063738,https://www.airbnb.com/rooms/8063738,퀸사이즈 침대 1개 · 공용 욕실
8110666,https://www.airbnb.com/rooms/8110666,침대 1개 · 공용 욕실
7915187,https://www.airbnb.com/rooms/7915187,소파 베드 1개 · 공용 욕실
8082348,https://www.airbnb.com/rooms/8082348,최대 인원 2명 · 원룸 · 침대 1개 · 욕실 1개
8099589,https://www.airbnb.com/rooms/8099589,N/A
8100231,https://www.airbnb.com/rooms/8100231,침대 1개 · 공용 욕실
8266475,https://www.airbnb.com/rooms/8266475,침대 2개 · 전용 욕실
8101434,https://www.airbnb.com/rooms/8101434,N/A
8101599,https://www.airbnb.com/rooms/8101599,N/A
8379119,https://www.airbnb.com/rooms/8379119,N/A
8384442,https://www.airbnb.com/rooms/8384442,N/A
8280416,https://www.airbnb.com/rooms/8280416,침대 2개 · 공용 욕실
8148353,https://www.airbnb.com/rooms/8148353,침대 1개 · 공용 욕실
8282534,https://www.airbnb.com/rooms/8282534,침대 1개 · 공용 욕실
8395083,https://www.airbnb.com/rooms/8395083,최대 인원 4명 · 원룸 · 침대 1개 · 욕실 1개
8396264,https://www.airbnb.com/rooms/8396264,최대 인원 3명 · 원룸 · 침대 1개 · 욕실 1개
8401085,https://www.airbnb.com/rooms/8401085,더블 침대 1개 · 공용 욕실
8401738,https://www.airbnb.com/rooms/8401738,침대 1개 · 공용 욕실
8287741,https://www.airbnb.com/rooms/8287741,N/A
8288651,https://www.airbnb.com/rooms/8288651,최대 인원 2명 · 원룸 · 침대 1개 · 욕실 1개
8168125,https://www.airbnb.com/rooms/8168125,침대 1개 · 공용 욕실
8175686,https://www.airbnb.com/rooms/8175686,최대 인원 2명 · 원룸 · 침대 1개 · 욕실 1개
8177313,https://www.airbnb.com/rooms/8177313,N/A
8177671,https://www.airbnb.com/rooms/8177671,최대 인원 4명 · 원룸 · 침대 2개 · 욕실 1개
8181428,https://www.airbnb.com/rooms/8181428,침대 1개 · 공용 욕실
8190818,https://www.airbnb.com/rooms/8190818,침대 1개 · 공용 욕실
8197178,https://www.airbnb.com/rooms/8197178,최대 인원 2명 · 원룸 · 침대 1개 · 욕실 1개
8434365,https://www.airbnb.com/rooms/8434365,최대 인원 2명 · 원룸 · 침대 1개 · 욕실 1개
8435967,https://www.airbnb.com/rooms/8435967,N/A
8436313,https://www.airbnb.com/rooms/8436313,N/A
8206510,https://www.airbnb.com/rooms/8206510,최대 인원 2명 · 원룸 · 침대 1개 · 욕실 1개
8440461,https://www.airbnb.com/rooms/8440461,침대 1개 · 공용 욕실
8226993,https://www.airbnb.com/rooms/8226993,최대 인원 2명 · 원룸 · 침대 1개 · 욕실 1개
8231120,https://www.airbnb.com/rooms/8231120,N/A
8447735,https://www.airbnb.com/rooms/8447735,최대 인원 2명 · 원룸 · 침대 1개 · 욕실 1개
8232246,https://www.airbnb.com/rooms/8232246,침대 2개 · 공용 욕실
8479550,https://www.airbnb.com/rooms/8479550,침대 1개 · 공용 욕실
8482547,https://www.airbnb.com/rooms/8482547,침대 2개 · 공용 욕실
8346738,https://www.airbnb.com/rooms/8346738,침대 1개 · 공용 욕실
8259532,https://www.airbnb.com/rooms/8259532,최대 인원 2명 · 원룸 · 침대 1개 · 욕실 1개
8260312,https://www.airbnb.com/rooms/8260312,최대 인원 1명 · 원룸 · 침대 1개 · 욕실 1개
8261637,https://www.airbnb.com/rooms/8261637,침대 1개 · 공용 욕실
8519866,https://www.airbnb.com/rooms/8519866,최대 인원 2명 · 원룸 · 침대 1개 · 욕실 1개
8358242,https://www.airbnb.com/rooms/8358242,N/A
8503283,https://www.airbnb.com/rooms/8503283,침대 2개 · 공용 욕실
8361218,https://www.airbnb.com/rooms/8361218,침대 1개 · 공용 욕실
8362995,https://www.airbnb.com/rooms/8362995,최대 인원 2명 · 원룸 · 침대 1개 · 욕실 1개
8692135,https://www.airbnb.com/rooms/8692135,N/A
8696141,https://www.airbnb.com/rooms/8696141,최대 인원 2명 · 원룸 · 침대 1개 · 욕실 1개
8369583,https://www.airbnb.com/rooms/8369583,침대 1개 · 공용 욕실
8548445,https://www.airbnb.com/rooms/8548445,최대 인원 2명 · 원룸 · 침대 1개 · 욕실 0개
8808811,https://www.airbnb.com/rooms/8808811,침대 1개 · 공용 욕실
8710197,https://www.airbnb.com/rooms/8710197,최대 인원 4명 · 원룸 · 침대 2개 · 욕실 1개
8820477,https://www.airbnb.com/rooms/8820477,침대 1개 · 공용 욕실
8562169,https://www.airbnb.com/rooms/8562169,최대 인원 2명 · 원룸 · 침대 1개 · 욕실 1개
8562760,https://www.airbnb.com/rooms/8562760,싱글 침대 1개 · 공용 욕실
8584192,https://www.airbnb.com/rooms/8584192,최대 인원 2명 · 원룸 · 욕실 1개
8837403,https://www.airbnb.com/rooms/8837403,침대 1개 · 공용 욕실
8724365,https://www.airbnb.com/rooms/8724365,침대 2개 · 공용 욕실
8589863,https://www.airbnb.com/rooms/8589863,최대 인원 2명 · 원룸 · 침대 2개 · 욕실 1개
8839742,https://www.airbnb.com/rooms/8839742,최대 인원 2명 · 원룸 · 침대 1개 · 욕실 1개
8591991,https://www.airbnb.com/rooms/8591991,최대 인원 2명 · 원룸 · 침대 1개 · 욕실 1개
8727745,https://www.airbnb.com/rooms/8727745,침대 1개 · 공용 욕실
8841044,https://www.airbnb.com/rooms/8841044,최대 인원 2명 · 원룸 · 침대 1개 · 욕실 1개
8849796,https://www.airbnb.com/rooms/8849796,침대 1개 · 공용 욕실
8601210,https://www.airbnb.com/rooms/8601210,최대 인원 2명 · 원룸 · 침대 2개 · 욕실 1개
8601927,https://www.airbnb.com/rooms/8601927,N/A
8729921,https://www.airbnb.com/rooms/8729921,최대 인원 2명 · 원룸 · 침대 1개 · 욕실 1개
8853567,https://www.airbnb.com/rooms/8853567,최대 인원 2명 · 원룸 · 침대 1개 · 욕실 1개
8734214,https://www.airbnb.com/rooms/8734214,최대 인원 2명 · 원룸 · 침대 2개 · 욕실 1개
8744674,https://www.airbnb.com/rooms/8744674,N/A
8871348,https://www.airbnb.com/rooms/8871348,침대 1개 · 공용 욕실
8872740,https://www.airbnb.com/rooms/8872740,최대 인원 2명 · 원룸 · 침대 1개 · 욕실 1개
8644534,https://www.airbnb.com/rooms/8644534,N/A
8877655,https://www.airbnb.com/rooms/8877655,침대 2개 · 공용 욕실
8771276,https://www.airbnb.com/rooms/8771276,최대 인원 2명 · 원룸 · 침대 1개 · 욕실 1개
8647041,https://www.airbnb.com/rooms/8647041,싱글 침대 1개 · 공용 욕실
8647335,https://www.airbnb.com/rooms/8647335,최대 인원 2명 · 원룸 · 침대 1개 · 욕실 1개
8787352,https://www.airbnb.com/rooms/8787352,최대 인원 2명 · 원룸 · 침대 1개 · 욕실 1개
8658599,https://www.airbnb.com/rooms/8658599,N/A
8658602,https://www.airbnb.com/rooms/8658602,최대 인원 2명 · 원룸 · 침대 1개 · 욕실 1개
8893608,https://www.airbnb.com/rooms/8893608,N/A
8670252,https://www.airbnb.com/rooms/8670252,침대 2개 · 공용 욕실
8900321,https://www.airbnb.com/rooms/8900321,킹사이즈 침대 1개 · 공용 욕실
8795378,https://www.airbnb.com/rooms/8795378,침대 1개 · 공용 욕실
8796694,https://www.airbnb.com/rooms/8796694,최대 인원 2명 · 원룸 · 침대 1개 · 욕실 1개
8797253,https://www.airbnb.com/rooms/8797253,N/A
8951631,https://www.airbnb.com/rooms/8951631,N/A
8952330,https://www.airbnb.com/rooms/8952330,최대 인원 3명 · 원룸 · 침대 2개 · 욕실 1개
8922164,https://www.airbnb.com/rooms/8922164,N/A
8958356,https://www.airbnb.com/rooms/8958356,최대 인원 2명 · 원룸 · 침대 1개 · 욕실 1개
8930930,https://www.airbnb.com/rooms/8930930,침대 1개 · 공용 욕실
8964205,https://www.airbnb.com/rooms/8964205,N/A
8966819,https://www.airbnb.com/rooms/8966819,최대 인원 2명 · 원룸 · 침대 1개 · 욕실 1개
9075600,https://www.airbnb.com/rooms/9075600,침대 2개 · 공용 욕실
8976556,https://www.airbnb.com/rooms/8976556,침대 1개 · 공용 욕실
8981120,https://www.airbnb.com/rooms/8981120,침대 1개 · 공용 욕실
8981544,https://www.airbnb.com/rooms/8981544,N/A
8983613,https://www.airbnb.com/rooms/8983613,침대 1개 · 공용 욕실
8987499,https://www.airbnb.com/rooms/8987499,퀸사이즈 침대 1개 · 전용 욕실
9093970,https://www.airbnb.com/rooms/9093970,N/A
9167440,https://www.airbnb.com/rooms/9167440,최대 인원 2명 · 원룸 · 침대 1개 · 욕실 1개
9000056,https://www.airbnb.com/rooms/9000056,최대 인원 4명 · 원룸 · 침대 2개 · 욕실 1개
9001225,https://www.airbnb.com/rooms/9001225,최대 인원 4명 · 원룸 · 침대 2개 · 욕실 1개
9170772,https://www.airbnb.com/rooms/9170772,N/A
9002760,https://www.airbnb.com/rooms/9002760,최대 인원 3명 · 원룸 · 침대 2개 · 욕실 1개
9005605,https://www.airbnb.com/rooms/9005605,N/A
9178687,https://www.airbnb.com/rooms/9178687,침대 1개 · 공용 욕실
9106079,https://www.airbnb.com/rooms/9106079,소파 베드 1개 · 공용 욕실
9179008,https://www.airbnb.com/rooms/9179008,최대 인원 2명 · 원룸 · 침대 1개 · 욕실 1개
9020842,https://www.airbnb.com/rooms/9020842,침대 1개 · 공용 욕실
9114906,https://www.airbnb.com/rooms/9114906,최대 인원 4명 · 원룸 · 침대 2개 · 욕실 1개
9029295,https://www.airbnb.com/rooms/9029295,최대 인원 4명 · 원룸 · 침대 2개 · 욕실 1개
9041666,https://www.airbnb.com/rooms/9041666,침대 2개 · 공용 욕실
9124345,https://www.airbnb.com/rooms/9124345,최대 인원 2명 · 원룸 · 침대 1개 · 욕실 1개
9050976,https://www.airbnb.com/rooms/9050976,최대 인원 2명 · 원룸 · 침대 2개 · 욕실 1개
9127137,https://www.airbnb.com/rooms/9127137,N/A
9130439,https://www.airbnb.com/rooms/9130439,침대 1개 · 공용 욕실
9056568,https://www.airbnb.com/rooms/9056568,최대 인원 2명 · 원룸 · 침대 1개 · 욕실 1.5개
9251232,https://www.airbnb.com/rooms/9251232,최대 인원 2명 · 원룸 · 침대 1개 · 욕실 1개
9252279,https://www.airbnb.com/rooms/9252279,더블 침대 1개 · 공용 욕실
9257847,https://www.airbnb.com/rooms/9257847,침대 1개 · 공용 욕실
9223015,https://www.airbnb.com/rooms/9223015,N/A
9149224,https://www.airbnb.com/rooms/9149224,침실 1개 · 공용 욕실
9265282,https://www.airbnb.com/rooms/9265282,최대 인원 2명 · 원룸 · 침대 1개 · 욕실 1개
9267883,https://www.airbnb.com/rooms/9267883,최대 인원 2명 · 원룸 · 침대 1개 · 욕실 1개
9224378,https://www.airbnb.com/rooms/9224378,최대 인원 2명 · 원룸 · 침대 1개 · 욕실 1개
9227170,https://www.airbnb.com/rooms/9227170,N/A
9227902,https://www.airbnb.com/rooms/9227902,최대 인원 2명 · 원룸 · 침대 1개 · 욕실 1개
9277562,https://www.airbnb.com/rooms/9277562,최대 인원 2명 · 원룸 · 침대 2개 · 욕실 1개
9228374,https://www.airbnb.com/rooms/9228374,소파 베드 1개 · 침실에 딸린 전용 화장실
9288647,https://www.airbnb.com/rooms/9288647,침대 1개 · 공용 욕실
9376629,https://www.airbnb.com/rooms/9376629,N/A
9379541,https://www.airbnb.com/rooms/9379541,N/A
9305570,https://www.airbnb.com/rooms/9305570,침대 1개 · 공용 화장실
9397767,https://www.airbnb.com/rooms/9397767,더블 침대 1개 · 공용 욕실
9235220,https://www.airbnb.com/rooms/9235220,침대 1개 · 공용 욕실
9235290,https://www.airbnb.com/rooms/9235290,N/A
9307382,https://www.airbnb.com/rooms/9307382,최대 인원 4명 · 원룸 · 욕실 1개
9242679,https://www.airbnb.com/rooms/9242679,침대 1개 · 공용 욕실
9401330,https://www.airbnb.com/rooms/9401330,침대 1개 · 공용 욕실
9403267,https://www.airbnb.com/rooms/9403267,최대 인원 2명 · 원룸 · 침대 2개 · 욕실 1개
9506469,https://www.airbnb.com/rooms/9506469,침대 1개 · 공용 욕실
9509145,https://www.airbnb.com/rooms/9509145,최대 인원 2명 · 원룸 · 침대 1개 · 욕실 1개
9323143,https://www.airbnb.com/rooms/9323143,최대 인원 2명 · 원룸 · 침대 1개 · 욕실 1개
9325488,https://www.airbnb.com/rooms/9325488,침대 1개 · 공용 욕실
9422530,https://www.airbnb.com/rooms/9422530,최대 인원 1명 · 원룸 · 침대 1개 · 간이 욕실
9327990,https://www.airbnb.com/rooms/9327990,침대 1개 · 공용 욕실
9423924,https://www.airbnb.com/rooms/9423924,N/A
9426937,https://www.airbnb.com/rooms/9426937,최대 인원 2명 · 원룸 · 침대 1개 · 욕실 1개
9429654,https://www.airbnb.com/rooms/9429654,침대 2개 · 공용 욕실
9340182,https://www.airbnb.com/rooms/9340182,최대 인원 2명 · 원룸 · 침대 1개 · 욕실 1개
9341685,https://www.airbnb.com/rooms/9341685,최대 인원 2명 · 원룸 · 침대 1개 · 욕실 1개
9343186,https://www.airbnb.com/rooms/9343186,최대 인원 2명 · 원룸 · 침대 1개 · 욕실 1개
9536763,https://www.airbnb.com/rooms/9536763,최대 인원 2명 · 원룸 · 침대 1개 · 욕실 1개
9442411,https://www.airbnb.com/rooms/9442411,최대 인원 4명 · 원룸 · 침대 2개 · 욕실 1개
9537445,https://www.airbnb.com/rooms/9537445,침대 1개 · 공용 욕실
9538424,https://www.airbnb.com/rooms/9538424,더블 침대 1개 · 공용 욕실
9541953,https://www.airbnb.com/rooms/9541953,N/A
9542734,https://www.airbnb.com/rooms/9542734,최대 인원 2명 · 원룸 · 침대 1개 · 욕실 1개
9543573,https://www.airbnb.com/rooms/9543573,최대 인원 2명 · 원룸 · 침대 1개 · 욕실 1개
9465750,https://www.airbnb.com/rooms/9465750,퀸사이즈 침대 1개 · 공용 욕실
9364817,https://www.airbnb.com/rooms/9364817,최대 인원 2명 · 원룸 · 침대 1개 · 욕실 1개
9475156,https://www.airbnb.com/rooms/9475156,최대 인원 1명 · 원룸 · 침대 1개 · 욕실 1개
9476033,https://www.airbnb.com/rooms/9476033,더블 침대 1개 · 공용 욕실
9567646,https://www.airbnb.com/rooms/9567646,침대 1개 · 공용 욕실
9489895,https://www.airbnb.com/rooms/9489895,최대 인원 2명 · 원룸 · 침대 2개 · 욕실 1개
9500895,https://www.airbnb.com/rooms/9500895,최대 인원 2명 · 원룸 · 침대 1개 · 욕실 1개
9585163,https://www.airbnb.com/rooms/9585163,최대 인원 2명 · 원룸 · 침대 1개 · 욕실 1개
9745819,https://www.airbnb.com/rooms/9745819,최대 인원 2명 · 원룸 · 침대 1개 · 욕실 1개
9748195,https://www.airbnb.com/rooms/9748195,N/A
9659071,https://www.airbnb.com/rooms/9659071,최대 인원 2명 · 원룸 · 침대 1개 · 욕실 0개
9659139,https://www.airbnb.com/rooms/9659139,최대 인원 2명 · 원룸 · 침대 1개 · 욕실 1개
9757231,https://www.airbnb.com/rooms/9757231,침대 1개 · 공용 욕실
9677701,https://www.airbnb.com/rooms/9677701,최대 인원 2명 · 원룸 · 침대 1개 · 욕실 1개
9604387,https://www.airbnb.com/rooms/9604387,N/A
9687280,https://www.airbnb.com/rooms/9687280,최대 인원 2명 · 원룸 · 침대 1개 · 욕실 1개
9771441,https://www.airbnb.com/rooms/9771441,최대 인원 2명 · 원룸 · 침대 1개 · 욕실 1개
9690108,https://www.airbnb.com/rooms/9690108,침대 1개 · 공용 욕실
9606893,https://www.airbnb.com/rooms/9606893,최대 인원 2명 · 원룸 · 침대 1개 · 욕실 1개
9607394,https://www.airbnb.com/rooms/9607394,최대 인원 2명 · 원룸 · 침대 1개 · 욕실 1개
9610842,https://www.airbnb.com/rooms/9610842,최대 인원 2명 · 원룸 · 침대 1개 · 욕실 1개
9704615,https://www.airbnb.com/rooms/9704615,N/A
9705791,https://www.airbnb.com/rooms/9705791,최대 인원 2명 · 원룸 · 침대 1개 · 욕실 1개
9720387,https://www.airbnb.com/rooms/9720387,침대 1개 · 공용 욕실
9815729,https://www.airbnb.com/rooms/9815729,최대 인원 2명 · 원룸 · 침대 1개 · 욕실 1개
9816512,https://www.airbnb.com/rooms/9816512,최대 인원 2명 · 원룸 · 욕실 1.5개
9816780,https://www.airbnb.com/rooms/9816780,N/A
9821062,https://www.airbnb.com/rooms/9821062,최대 인원 2명 · 원룸 · 침대 1개 · 욕실 1개
9735494,https://www.airbnb.com/rooms/9735494,최대 인원 2명 · 원룸 · 침대 1개 · 욕실 1개
9964188,https://www.airbnb.com/rooms/9964188,최대 인원 2명 · 원룸 · 침대 1개 · 욕실 1개
9964846,https://www.airbnb.com/rooms/9964846,N/A
9966783,https://www.airbnb.com/rooms/9966783,최대 인원 2명 · 원룸 · 침대 1개 · 욕실 1개
9836703,https://www.airbnb.com/rooms/9836703,더블 침대 1개 · 공용 욕실
9969095,https://www.airbnb.com/rooms/9969095,최대 인원 2명 · 원룸 · 침대 1개 · 욕실 1개
9879198,https://www.airbnb.com/rooms/9879198,최대 인원 2명 · 원룸 · 침대 1개 · 욕실 1개
9972597,https://www.airbnb.com/rooms/9972597,최대 인원 2명 · 원룸 · 침대 1개 · 욕실 1개
9973129,https://www.airbnb.com/rooms/9973129,침대 1개 · 공용 욕실
9839285,https://www.airbnb.com/rooms/9839285,최대 인원 2명 · 원룸 · 침대 1개 · 욕실 1개
10096086,https://www.airbnb.com/rooms/10096086,최대 인원 2명 · 원룸 · 침대 1개 · 욕실 1개
9893830,https://www.airbnb.com/rooms/9893830,더블 침대 1개 · 공용 욕실
9988920,https://www.airbnb.com/rooms/9988920,침대 1개 · 공용 욕실
10104131,https://www.airbnb.com/rooms/10104131,더블 침대 1개 · 공용 욕실
9899709,https://www.airbnb.com/rooms/9899709,최대 인원 2명 · 원룸 · 침대 1개 · 욕실 1개
9902925,https://www.airbnb.com/rooms/9902925,침대 1개 · 공용 욕실
9906504,https://www.airbnb.com/rooms/9906504,N/A
10009121,https://www.airbnb.com/rooms/10009121,최대 인원 2명 · 원룸 · 욕실 1개
10011195,https://www.airbnb.com/rooms/10011195,최대 인원 2명 · 원룸 · 침대 2개 · 욕실 1.5개
10130054,https://www.airbnb.com/rooms/10130054,N/A
10017347,https://www.airbnb.com/rooms/10017347,최대 인원 2명 · 원룸 · 침대 1개 · 욕실 1개
10159836,https://www.airbnb.com/rooms/10159836,킹사이즈 침대 1개 · 공용 욕실
10173113,https://www.airbnb.com/rooms/10173113,최대 인원 2명 · 원룸 · 침대 1개 · 욕실 1개
10185835,https://www.airbnb.com/rooms/10185835,N/A
9951632,https://www.airbnb.com/rooms/9951632,최대 인원 1명 · 원룸 · 침대 1개 · 욕실 1개
10191127,https://www.airbnb.com/rooms/10191127,최대 인원 2명 · 원룸 · 침대 1개 · 욕실 1개
10076940,https://www.airbnb.com/rooms/10076940,N/A
10216173,https://www.airbnb.com/rooms/10216173,N/A
10077605,https://www.airbnb.com/rooms/10077605,더블 침대 1개 · 공용 욕실
10217907,https://www.airbnb.com/rooms/10217907,더블 침대 1개 · 공용 욕실
10225274,https://www.airbnb.com/rooms/10225274,침대 1개 · 공용 욕실
10084561,https://www.airbnb.com/rooms/10084561,N/A
10226957,https://www.airbnb.com/rooms/10226957,최대 인원 2명 · 원룸 · 침대 1개 · 욕실 1개
10092756,https://www.airbnb.com/rooms/10092756,최대 인원 2명 · 원룸 · 침대 2개 · 욕실 1개
10301263,https://www.airbnb.com/rooms/10301263,N/A
10474304,https://www.airbnb.com/rooms/10474304,N/A
10479211,https://www.airbnb.com/rooms/10479211,최대 인원 3명 · 원룸 · 침대 1개 · 욕실 1개
10483485,https://www.airbnb.com/rooms/10483485,최대 인원 2명 · 원룸 · 침대 1개 · 욕실 1개
10266169,https://www.airbnb.com/rooms/10266169,더블 침대 1개 · 공용 욕실
10267467,https://www.airbnb.com/rooms/10267467,최대 인원 2명 · 원룸 · 침대 1개 · 욕실 1개
10670875,https://www.airbnb.com/rooms/10670875,최대 인원 2명 · 원룸 · 침대 1개 · 욕실 1개
10679206,https://www.airbnb.com/rooms/10679206,최대 인원 4명 · 원룸 · 침대 2개 · 욕실 1개
10353248,https://www.airbnb.com/rooms/10353248,최대 인원 2명 · 원룸 · 침대 1개 · 욕실 1개
10693119,https://www.airbnb.com/rooms/10693119,최대 인원 2명 · 원룸 · 욕실 1개
10695048,https://www.airbnb.com/rooms/10695048,더블 침대 1개 · 공용 욕실
10383512,https://www.airbnb.com/rooms/10383512,최대 인원 2명 · 원룸 · 침대 1개 · 욕실 1개
10403860,https://www.airbnb.com/rooms/10403860,최대 인원 2명 · 원룸 · 침대 1개 · 욕실 1개
10555427,https://www.airbnb.com/rooms/10555427,N/A
10759514,https://www.airbnb.com/rooms/10759514,침대 1개 · 공용 욕실
10580564,https://www.airbnb.com/rooms/10580564,싱글 침대 4개 · 공용 욕실
10421000,https://www.airbnb.com/rooms/10421000,최대 인원 2명 · 원룸 · 침대 1개 · 욕실 1개
10423621,https://www.airbnb.com/rooms/10423621,최대 인원 2명 · 원룸 · 침대 1개 · 욕실 1개
10777269,https://www.airbnb.com/rooms/10777269,슈퍼싱글 1개 · 침실에 딸린 전용 욕실
10588166,https://www.airbnb.com/rooms/10588166,소파 베드 1개 · 공용 욕실
10463293,https://www.airbnb.com/rooms/10463293,최대 인원 1명 · 원룸 · 침대 1개 · 욕실 1개
10463870,https://www.airbnb.com/rooms/10463870,최대 인원 2명 · 원룸 · 침대 1개 · 욕실 1개
10820398,https://www.airbnb.com/rooms/10820398,최대 인원 2명 · 원룸 · 침대 1개 · 욕실 1개
10832486,https://www.airbnb.com/rooms/10832486,최대 인원 2명 · 원룸 · 침대 1개 · 욕실 1개
10833735,https://www.airbnb.com/rooms/10833735,더블 침대 1개 · 공용 욕실
10893366,https://www.airbnb.com/rooms/10893366,침대 1개 · 공용 욕실
10897769,https://www.airbnb.com/rooms/10897769,최대 인원 2명 · 원룸 · 침대 1개 · 욕실 1개
10902362,https://www.airbnb.com/rooms/10902362,침실 1개 · 전용 욕실
10846905,https://www.airbnb.com/rooms/10846905,최대 인원 2명 · 원룸 · 침대 1개 · 욕실 1개
10648304,https://www.airbnb.com/rooms/10648304,침대 1개 · 공용 욕실
10933005,https://www.airbnb.com/rooms/10933005,N/A
10878700,https://www.airbnb.com/rooms/10878700,N/A
10937274,https://www.airbnb.com/rooms/10937274,최대 인원 2명 · 원룸 · 침대 1개 · 욕실 1개
11078103,https://www.airbnb.com/rooms/11078103,최대 인원 2명 · 원룸 · 침대 1개 · 욕실 1.5개
11090961,https://www.airbnb.com/rooms/11090961,최대 인원 2명 · 침실 1개 · 침대 1개 · 욕실 1개
11242138,https://www.airbnb.com/rooms/11242138,최대 인원 2명 · 원룸 · 침대 1개 · 욕실 1개
11247518,https://www.airbnb.com/rooms/11247518,최대 인원 4명 · 원룸 · 침대 2개 · 욕실 1개
10967359,https://www.airbnb.com/rooms/10967359,최대 인원 2명 · 원룸 · 침대 1개 · 욕실 1개
10987367,https://www.airbnb.com/rooms/10987367,최대 인원 2명 · 원룸 · 침대 1개 · 욕실 1개
10988200,https://www.airbnb.com/rooms/10988200,침대 1개 · 공용 욕실
11000830,https://www.airbnb.com/rooms/11000830,N/A
11001368,https://www.airbnb.com/rooms/11001368,N/A
11274349,https://www.airbnb.com/rooms/11274349,N/A
11289223,https://www.airbnb.com/rooms/11289223,침대 1개 · 공용 욕실
11136063,https://www.airbnb.com/rooms/11136063,최대 인원 2명 · 원룸 · 침대 1개 · 욕실 1개
11007372,https://www.airbnb.com/rooms/11007372,최대 인원 1명 · 원룸 · 침대 1개 · 욕실 1개
11008725,https://www.airbnb.com/rooms/11008725,최대 인원 2명 · 원룸 · 침대 1개 · 욕실 1개
11139026,https://www.airbnb.com/rooms/11139026,침대 1개 · 공용 욕실
11139651,https://www.airbnb.com/rooms/11139651,더블 침대 1개 · 공용 욕실
11141397,https://www.airbnb.com/rooms/11141397,침대 2개 · 공용 욕실
